iJO1366.xml	pmid:21988831	GCF_000005845.2	NC_000913.3
iAF1260.xml	pmid:17593909	GCF_000005845.2	NC_000913.3
iMM904.xml	pmid:19321003	GCF_000146045.2	NC_001133.9,NC_001134.8,NC_001135.5,NC_001136.10,NC_001137.3,NC_001138.5,NC_001139.9,NC_001140.6,NC_001141.2,NC_001142.9,NC_001143.9,NC_001144.5,NC_001145.3,NC_001146.8,NC_001147.6,NC_001148.4,NC_001224.1
iSB619.xml	pmid:15752426	GCF_000009645.1	NC_002745.2
iAPECO1_1312.xml	pmid:24277855	GCF_000014845.1	NC_008563.1	cobra_0.14.2
iND750.xml	pmid:15197165	GCF_000146045.2	NC_001133.9,NC_001134.8,NC_001135.5,NC_001136.10,NC_001137.3,NC_001138.5,NC_001139.9,NC_001140.6,NC_001141.2,NC_001142.9,NC_001143.9,NC_001144.5,NC_001145.3,NC_001146.8,NC_001147.6,NC_001148.4,NC_001224.1	cobra_0.14.2
iPC815.xml	pmid:21995956	GCF_000009065.1	NC_003143.1	cobra_0.14.2
iSF_1195.xml	pmid:24277855	GCF_000006925.2	NC_004337.2	cobra_0.14.2
iJN746.xml	pmid:18793442	GCF_000007565.1	NC_002947.3	cobra_0.14.2
iIT341.xml	pmid:16077130		NC_000915.1	cobra_0.14.2
iNJ661.xml	pmid:17555602	GCF_000195955.2	NC_000962.3	cobra_0.14.2
iBWG_1329.xml	pmid:24277855	GCF_000022345.1	NC_012759.1	cobra_0.14.2
iB21_1397.xml	pmid:24277855	GCF_000009565.1	NC_012892.2	cobra_0.14.2
ic_1306.xml	pmid:24277855	GCF_000007445.1	NC_004431.1	cobra_0.14.2
iE2348C_1286.xml	pmid:24277855	GCF_000026545.1	NC_011601.1	cobra_0.14.2
iEC042_1314.xml	pmid:24277855	GCF_000027125.1	NC_017626.1	cobra_0.14.2
iEC55989_1330.xml	pmid:24277855	GCF_000026245.1	NC_011748.1	cobra_0.14.2
iECABU_c1320.xml	pmid:24277855	GCF_000148365.1	NC_017631.1	cobra_0.14.2
iECB_1328.xml	pmid:24277855	GCF_000017985.1	NC_012967.1	cobra_0.14.2
iECBD_1354.xml	pmid:24277855	GCF_000023665.1	NC_012947.1	cobra_0.14.2
iECD_1391.xml	pmid:24277855	GCF_000022665.1	NC_012971.2	cobra_0.14.2
iEcDH1_1363.xml	pmid:24277855	GCF_000023365.1	NC_017625.1	cobra_0.14.2
iECDH1ME8569_1439.xml	pmid:24277855	GCF_000270105.1	NC_017638.1	cobra_0.14.2
iECDH10B_1368.xml	pmid:24277855	GCF_000019425.1	NC_010473.1	cobra_0.14.2
iEcE24377_1341.xml	pmid:24277855	GCF_000017745.1	NC_009801.1	cobra_0.14.2
iECED1_1282.xml	pmid:24277855	GCF_000026305.1	NC_011745.1	cobra_0.14.2
iECH74115_1262.xml	pmid:24277855	GCF_000021125.1	NC_011353.1	cobra_0.14.2
iEcHS_1320.xml	pmid:24277855	GCF_000017765.1	NC_009800.1	cobra_0.14.2
iECIAI1_1343.xml	pmid:24277855	GCF_000026265.1	NC_011741.1	cobra_0.14.2
iECIAI39_1322.xml	pmid:24277855	GCF_000026345.1	NC_011750.1	cobra_0.14.2
iECNA114_1301.xml	pmid:24277855	GCF_000214765.1	CP002797.2	cobra_0.14.2
iECO103_1326.xml	pmid:24277855	GCF_000010745.1	NC_013353.1	cobra_0.14.2
iECO111_1330.xml	pmid:24277855	GCF_000010765.1	NC_013364.1	cobra_0.14.2
iECO26_1355.xml	pmid:24277855	GCF_000091005.1	NC_013361.1	cobra_0.14.2
iECOK1_1307.xml	pmid:24277855	GCF_000025745.1	NC_017628.1	cobra_0.14.2
iEcolC_1368.xml	pmid:24277855	GCF_000019385.1	NC_010468.1	cobra_0.14.2
iECP_1309.xml	pmid:24277855	GCF_000013305.1	NC_008253.1	cobra_0.14.2
iECS88_1305.xml	pmid:24277855	GCF_000026285.1	NC_011742.1	cobra_0.14.2
iECs_1301.xml	pmid:24277855	GCF_000008865.1	BA000007.2	cobra_0.14.2
iECSE_1348.xml	pmid:24277855	GCF_000010385.1	NC_011415.1	cobra_0.14.2
iECSF_1327.xml	pmid:24277855	GCF_000010485.1	NC_013654.1	cobra_0.14.2
iEcSMS35_1347.xml	pmid:24277855	GCF_000019645.1	NC_010498.1	cobra_0.14.2
iECSP_1301.xml	pmid:24277855	GCF_000022225.1	NC_013008.1	cobra_0.14.2
iECUMN_1333.xml	pmid:24277855	GCF_000026325.1	NC_011751.1	cobra_0.14.2
iECW_1372.xml	pmid:24277855	GCF_000184185.1	NC_017635.1	cobra_0.14.2
iEKO11_1354.xml	pmid:24277855		CP002516.1	cobra_0.14.2
iETEC_1333.xml	pmid:24277855	GCF_000210475.1	NC_017633.1	cobra_0.14.2
iG2583_1286.xml	pmid:24277855	GCF_000025165.1	NC_013941.1	cobra_0.14.2
iLF82_1304.xml	pmid:24277855	GCF_000284495.1	NC_011993.1	cobra_0.14.2
iNRG857_1313.xml	pmid:24277855	GCF_000183345.1	NC_017634.1	cobra_0.14.2
iS_1188.xml	pmid:24277855	GCF_000007405.1	NC_004741.1	cobra_0.14.2
iSbBS512_1146.xml	pmid:24277855	GCF_000020185.1	NC_010658.1	cobra_0.14.2
iSBO_1134.xml	pmid:24277855	GCF_000012025.1	NC_007613.1	cobra_0.14.2
iSDY_1059.xml	pmid:24277855	GCF_000012005.1	NC_007606.1	cobra_0.14.2
iSFV_1184.xml	pmid:24277855	GCF_000013585.1	NC_008258.1	cobra_0.14.2
iSFxv_1172.xml	pmid:24277855	GCF_000022245.1	NC_017328.1	cobra_0.14.2
iSSON_1240.xml	pmid:24277855	GCF_000092525.1	NC_007384.1	cobra_0.14.2
iUMN146_1321.xml	pmid:24277855	GCF_000148605.1	NC_017632.1	cobra_0.14.2
iUMNK88_1353.xml	pmid:24277855	GCF_000212715.1	NC_017641.1	cobra_0.14.2
iUTI89_1310.xml	pmid:24277855	GCF_000013265.1	NC_007946.1	cobra_0.14.2
iWFL_1372.xml	pmid:24277855	GCF_000184185.1	NC_017635.1	cobra_0.14.2
iZ_1308.xml	pmid:24277855	GCF_000006665.1	NC_002655.2	cobra_0.14.2
iJR904.xml	pmid:12952533	GCF_000005845.2	NC_000913.3
ecoli_core_model.xml	doi:10.1128/ecosalplus.10.2.1	GCF_000005845.2	NC_000913.3
iYL1228.xml	pmid:21296962	GCF_000016305.1	NC_009648.1
STM_v1.0.xml	pmid:21244678	GCF_000006945.1	AE006468.1
iAF987.xml	pmid:24762737	GCF_000012925.1	NC_007517.1	cobra_0.14.2
iJN678.xml	pmid:22308420	GCF_000009725.1	NC_000911.1
iMM1415.xml	pmid:20959003	GCF_000001635.20,GCF_000001635.24	NC_000067.6,NC_000068.7,NC_000069.6,NC_000070.6,NC_000071.6,NC_000072.6,NC_000073.6,NC_000074.6,NC_000075.6,NC_000076.6,NC_000077.6,NC_000078.6,NC_000079.6,NC_000080.6,NC_000081.6,NC_000082.6,NC_000083.6,NC_000084.6,NC_000085.6,NC_000086.7,NC_000087.7,NC_005089.1	cobra_0.14.2
iAF692.xml	pmid:16738551	iAF692_suppressed	CP000099.1	cobra_0.14.2
iLJ478.mat	pmid:19762644	GCF_000008545.1	NC_000853.1
iHN637.mat	pmid:24274140	GCF_000143685.1	NC_014328.1
iY75_1357.xml	pmid:24277855	GCF_000010245.2	NC_007779.1	cobra_0.14.2
iYO844.xml	pmid:17573341	GCF_000009045.1	NC_000964.3
RECON1.xml	pmid:17267599	GCF_000001405.29,GCF_000001405.33	NC_000001.11,NC_000002.12,NC_000003.12,NC_000004.12,NC_000005.10,NC_000006.12,NC_000007.14,NC_000008.11,NC_000009.12,NC_000010.11,NC_000011.10,NC_000012.12,NC_000013.11,NC_000014.9,NC_000015.10,NC_000016.10,NC_000017.11,NC_000018.10,NC_000019.10,NC_000020.11,NC_000021.9,NC_000022.11,NC_000023.11,NC_000024.10,NC_012920.1
iAT_PLT_636.xml	pmid:24473230	GCF_000001405.29,GCF_000001405.33	NC_000001.11,NC_000002.12,NC_000003.12,NC_000004.12,NC_000005.10,NC_000006.12,NC_000007.14,NC_000008.11,NC_000009.12,NC_000010.11,NC_000011.10,NC_000012.12,NC_000013.11,NC_000014.9,NC_000015.10,NC_000016.10,NC_000017.11,NC_000018.10,NC_000019.10,NC_000020.11,NC_000021.9,NC_000022.11,NC_000023.11,NC_000024.10,NC_012920.1	cobra_0.14.2
iAB_RBC_283.xml	pmid:21749716	GCF_000001405.29,GCF_000001405.33	NC_000001.11,NC_000002.12,NC_000003.12,NC_000004.12,NC_000005.10,NC_000006.12,NC_000007.14,NC_000008.11,NC_000009.12,NC_000010.11,NC_000011.10,NC_000012.12,NC_000013.11,NC_000014.9,NC_000015.10,NC_000016.10,NC_000017.11,NC_000018.10,NC_000019.10,NC_000020.11,NC_000021.9,NC_000022.11,NC_000023.11,NC_000024.10,NC_012920.1
iAF1260b.xml	pmid:19840862	GCF_000005845.2	NC_000913.3
iNF517.xml	pmid:23974365	GCF_000009425.1	NC_009004.1
iML1515.json	pmid:29020004	GCF_000005845.2	NC_000913.3
iJB785.json	pmid:27911809	GCF_000012525.1	NC_007604.1,NC_007595.1
iLB1027_lipid.json	pmid:27152931	GCF_000150965.2,GCF_000150955.2	NC_011669.1,NC_011670.1,NC_011671.1,NC_011672.1,NC_011673.1,NC_011674.1,NC_011675.1,NC_011676.1,NC_011677.1,NC_011678.1,NC_011679.1,NC_011680.1,NC_011681.1,NC_011682.1,NC_011683.1,NC_011684.1,NC_011685.1,NC_011686.1,NC_011687.1,NC_011688.1,NC_011689.1,NC_011690.1,NC_011691.1,NC_011692.1,NC_011693.1,NC_011694.1,NC_011695.1,NC_011696.1,NC_011697.1,NC_011698.1,NC_011699.1,NC_011700.1,NC_011701.1
iEK1008.json	pmid:29499714	GCF_000195955.2	NC_000962.3
iEC1356_Bl21DE3.json	pmid:27667363	GCF_000022665.1	NC_012971.2
iEC1349_Crooks.json	pmid:27667363	GCF_000019385.1	NC_010468.1
iEC1364_W.json	pmid:27667363	GCF_000184185.1	NC_017635.1
iEC1372_W3110.json	pmid:27667363	GCF_000010245.2	NC_007779.1
iCN718.json	pmid:29692801	GCF_000069245.1	NC_010410.1
iEC1368_DH5a.json	pmid:27667363	GCF_000982435.1	NZ_JRYM01000089.1
iEC1344_C.json	pmid:27667363	GCF_002079225.1	NZ_CP020543.1
iSynCJ816.xml	doi:10.1016/j.algal.2017.09.013	GCF_000009725.1	NC_000911.1
iAM_Pf480.xml	pmid:29300748	GCF_000002765.4	NC_004325.2,NC_037280.1,NC_000521.4,NC_004318.2,NC_004326.2,NC_004327.3,NC_004328.3,NC_004329.3,NC_004330.2,NC_037281.1,NC_037282.1,NC_037284.1,NC_004331.3,NC_037283.1,NC_036769.1
iAM_Pv461.xml	pmid:29300748	GCF_000002415.2	NC_009906.1,NC_009907.1,NC_009908.2,NC_009909.1,NC_009910.1,NC_009911.1,NC_009912.1,NC_009913.1,NC_009914.1,NC_009915.1,NC_009916.1,NC_009917.1,NC_009918.1,NC_009919.1,NC_007243.1
iAM_Pb448.xml	pmid:29300748	GCF_900002375.1	NC_036159.1,NC_036160.1,NC_036161.1,NC_036162.1,NC_036163.1,NC_036164.1,NC_036165.1,NC_036166.1,NC_036167.1,NC_036168.1,NC_036169.1,NC_036170.1,NC_036171.1,NC_036172.1,NC_015303.1,NC_030892.1
iAM_Pc455.xml	pmid:29300748	GCF_000321355.1	NC_020396.1,NC_020395.1,NC_020397.1,NC_020408.1,NC_020398.1,NC_020399.1,NC_020400.1,NC_020401.1,NC_020402.1,NC_020403.1,NC_020404.1,NC_020405.1,NC_020406.1,NC_020407.1
iAM_Pk459.xml	pmid:29300748	GCF_000006355.1	NC_011902.1,NC_011903.1,NC_011904.1,NC_011905.1,NC_011906.1,NC_011907.1,NC_011908.1,NC_011909.1,NC_011910.1,NC_011911.1,NC_011912.1,NC_011913.1,NC_011914.1,NC_011915.1
iIS312_Trypomastigote.json	pmid:	GCA_000496795.1	AYLP01000001.1,AYLP01000002.1,AYLP01000003.1,AYLP01000004.1,AYLP01000005.1,AYLP01000006.1,AYLP01000007.1,AYLP01000008.1,AYLP01000009.1,AYLP01000010.1,AYLP01000011.1,AYLP01000012.1,AYLP01000013.1,AYLP01000014.1,AYLP01000015.1,AYLP01000016.1,AYLP01000017.1,AYLP01000018.1,AYLP01000019.1,AYLP01000020.1,AYLP01000021.1,AYLP01000022.1,AYLP01000023.1,AYLP01000024.1,AYLP01000025.1,AYLP01000026.1,AYLP01000027.1,AYLP01000028.1,AYLP01000029.1,AYLP01000030.1,AYLP01000031.1,AYLP01000032.1,AYLP01000033.1,AYLP01000034.1,AYLP01000035.1,AYLP01000036.1,AYLP01000037.1,AYLP01000038.1,AYLP01000039.1,AYLP01000040.1,AYLP01000041.1,AYLP01000042.1,AYLP01000043.1,AYLP01000044.1,AYLP01000045.1,AYLP01000046.1,AYLP01000047.1,AYLP01000048.1,AYLP01000049.1,AYLP01000050.1,AYLP01000051.1,AYLP01000052.1,AYLP01000053.1,AYLP01000054.1,AYLP01000055.1,AYLP01000056.1,AYLP01000057.1,AYLP01000058.1,AYLP01000059.1,AYLP01000060.1,AYLP01000061.1,AYLP01000062.1,AYLP01000063.1,AYLP01000064.1,AYLP01000065.1,AYLP01000066.1,AYLP01000067.1,AYLP01000068.1,AYLP01000069.1,AYLP01000070.1,AYLP01000071.1,AYLP01000072.1,AYLP01000073.1,AYLP01000074.1,AYLP01000075.1,AYLP01000076.1,AYLP01000077.1,AYLP01000078.1,AYLP01000079.1,AYLP01000080.1,AYLP01000081.1,AYLP01000082.1,AYLP01000083.1,AYLP01000084.1,AYLP01000085.1,AYLP01000086.1,AYLP01000087.1,AYLP01000088.1,AYLP01000089.1,AYLP01000090.1,AYLP01000091.1,AYLP01000092.1,AYLP01000093.1,AYLP01000094.1,AYLP01000095.1,AYLP01000096.1,AYLP01000097.1,AYLP01000098.1,AYLP01000099.1,AYLP01000100.1,AYLP01000101.1,AYLP01000102.1,AYLP01000103.1,AYLP01000104.1,AYLP01000105.1,AYLP01000106.1,AYLP01000107.1,AYLP01000108.1,AYLP01000109.1,AYLP01000110.1,AYLP01000111.1,AYLP01000112.1,AYLP01000113.1,AYLP01000114.1,AYLP01000115.1,AYLP01000116.1,AYLP01000117.1,AYLP01000118.1,AYLP01000119.1,AYLP01000120.1,AYLP01000121.1,AYLP01000122.1,AYLP01000123.1,AYLP01000124.1,AYLP01000125.1,AYLP01000126.1,AYLP01000127.1,AYLP01000128.1,AYLP01000129.1,AYLP01000130.1,AYLP01000131.1,AYLP01000132.1,AYLP01000133.1,AYLP01000134.1,AYLP01000135.1,AYLP01000136.1,AYLP01000137.1,AYLP01000138.1,AYLP01000139.1,AYLP01000140.1,AYLP01000141.1,AYLP01000142.1,AYLP01000143.1,AYLP01000144.1,AYLP01000145.1,AYLP01000146.1,AYLP01000147.1,AYLP01000148.1,AYLP01000149.1,AYLP01000150.1,AYLP01000151.1,AYLP01000152.1,AYLP01000153.1,AYLP01000154.1,AYLP01000155.1,AYLP01000156.1,AYLP01000157.1,AYLP01000158.1,AYLP01000159.1,AYLP01000160.1,AYLP01000161.1,AYLP01000162.1,AYLP01000163.1,AYLP01000164.1,AYLP01000165.1,AYLP01000166.1,AYLP01000167.1,AYLP01000168.1,AYLP01000169.1,AYLP01000170.1,AYLP01000171.1,AYLP01000172.1,AYLP01000173.1,AYLP01000174.1,AYLP01000175.1,AYLP01000176.1,AYLP01000177.1,AYLP01000178.1,AYLP01000179.1,AYLP01000180.1,AYLP01000181.1,AYLP01000182.1,AYLP01000183.1,AYLP01000184.1,AYLP01000185.1,AYLP01000186.1,AYLP01000187.1,AYLP01000188.1,AYLP01000189.1,AYLP01000190.1,AYLP01000191.1,AYLP01000192.1,AYLP01000193.1,AYLP01000194.1,AYLP01000195.1,AYLP01000196.1,AYLP01000197.1,AYLP01000198.1,AYLP01000199.1,AYLP01000200.1,AYLP01000201.1,AYLP01000202.1,AYLP01000203.1,AYLP01000204.1,AYLP01000205.1,AYLP01000206.1,AYLP01000207.1,AYLP01000208.1,AYLP01000209.1,AYLP01000210.1,AYLP01000211.1,AYLP01000212.1,AYLP01000213.1,AYLP01000214.1,AYLP01000215.1,AYLP01000216.1,AYLP01000217.1,AYLP01000218.1,AYLP01000219.1,AYLP01000220.1,AYLP01000221.1,AYLP01000222.1,AYLP01000223.1,AYLP01000224.1,AYLP01000225.1,AYLP01000226.1,AYLP01000227.1,AYLP01000228.1,AYLP01000229.1,AYLP01000230.1,AYLP01000231.1,AYLP01000232.1,AYLP01000233.1,AYLP01000234.1,AYLP01000235.1,AYLP01000236.1,AYLP01000237.1,AYLP01000238.1,AYLP01000239.1,AYLP01000240.1,AYLP01000241.1,AYLP01000242.1,AYLP01000243.1,AYLP01000244.1,AYLP01000245.1,AYLP01000246.1,AYLP01000247.1,AYLP01000248.1,AYLP01000249.1,AYLP01000250.1,AYLP01000251.1,AYLP01000252.1,AYLP01000253.1,AYLP01000254.1,AYLP01000255.1,AYLP01000256.1,AYLP01000257.1,AYLP01000258.1,AYLP01000259.1,AYLP01000260.1,AYLP01000261.1,AYLP01000262.1,AYLP01000263.1,AYLP01000264.1,AYLP01000265.1,AYLP01000266.1,AYLP01000267.1,AYLP01000268.1,AYLP01000269.1,AYLP01000270.1,AYLP01000271.1,AYLP01000272.1,AYLP01000273.1,AYLP01000274.1,AYLP01000275.1,AYLP01000276.1,AYLP01000277.1,AYLP01000278.1,AYLP01000279.1,AYLP01000280.1,AYLP01000281.1,AYLP01000282.1,AYLP01000283.1,AYLP01000284.1,AYLP01000285.1,AYLP01000286.1,AYLP01000287.1,AYLP01000288.1,AYLP01000289.1,AYLP01000290.1,AYLP01000291.1,AYLP01000292.1,AYLP01000293.1,AYLP01000294.1,AYLP01000295.1,AYLP01000296.1,AYLP01000297.1,AYLP01000298.1,AYLP01000299.1,AYLP01000300.1,AYLP01000301.1,AYLP01000302.1,AYLP01000303.1,AYLP01000304.1,AYLP01000305.1,AYLP01000306.1,AYLP01000307.1,AYLP01000308.1,AYLP01000309.1,AYLP01000310.1,AYLP01000311.1,AYLP01000312.1,AYLP01000313.1,AYLP01000314.1,AYLP01000315.1,AYLP01000316.1,AYLP01000317.1,AYLP01000318.1,AYLP01000319.1,AYLP01000320.1,AYLP01000321.1,AYLP01000322.1,AYLP01000323.1,AYLP01000324.1,AYLP01000325.1,AYLP01000326.1,AYLP01000327.1,AYLP01000328.1,AYLP01000329.1,AYLP01000330.1,AYLP01000331.1,AYLP01000332.1,AYLP01000333.1,AYLP01000334.1,AYLP01000335.1,AYLP01000336.1,AYLP01000337.1,AYLP01000338.1,AYLP01000339.1,AYLP01000340.1,AYLP01000341.1,AYLP01000342.1,AYLP01000343.1,AYLP01000344.1,AYLP01000345.1,AYLP01000346.1,AYLP01000347.1,AYLP01000348.1,AYLP01000349.1,AYLP01000350.1,AYLP01000351.1,AYLP01000352.1,AYLP01000353.1,AYLP01000354.1,AYLP01000355.1,AYLP01000356.1,AYLP01000357.1,AYLP01000358.1,AYLP01000359.1,AYLP01000360.1,AYLP01000361.1,AYLP01000362.1,AYLP01000363.1,AYLP01000364.1,AYLP01000365.1,AYLP01000366.1,AYLP01000367.1,AYLP01000368.1,AYLP01000369.1,AYLP01000370.1,AYLP01000371.1,AYLP01000372.1,AYLP01000373.1,AYLP01000374.1,AYLP01000375.1,AYLP01000376.1,AYLP01000377.1,AYLP01000378.1,AYLP01000379.1,AYLP01000380.1,AYLP01000381.1,AYLP01000382.1,AYLP01000383.1,AYLP01000384.1,AYLP01000385.1,AYLP01000386.1,AYLP01000387.1,AYLP01000388.1,AYLP01000389.1,AYLP01000390.1,AYLP01000391.1,AYLP01000392.1,AYLP01000393.1,AYLP01000394.1,AYLP01000395.1,AYLP01000396.1,AYLP01000397.1,AYLP01000398.1,AYLP01000399.1,AYLP01000400.1,AYLP01000401.1,AYLP01000402.1,AYLP01000403.1,AYLP01000404.1,AYLP01000405.1,AYLP01000406.1,AYLP01000407.1,AYLP01000408.1,AYLP01000409.1,AYLP01000410.1,AYLP01000411.1,AYLP01000412.1,AYLP01000413.1,AYLP01000414.1,AYLP01000415.1,AYLP01000416.1,AYLP01000417.1,AYLP01000418.1,AYLP01000419.1,AYLP01000420.1,AYLP01000421.1,AYLP01000422.1,AYLP01000423.1,AYLP01000424.1,AYLP01000425.1,AYLP01000426.1,AYLP01000427.1,AYLP01000428.1,AYLP01000429.1,AYLP01000430.1,AYLP01000431.1,AYLP01000432.1,AYLP01000433.1,AYLP01000434.1,AYLP01000435.1,AYLP01000436.1,AYLP01000437.1,AYLP01000438.1,AYLP01000439.1,AYLP01000440.1,AYLP01000441.1,AYLP01000442.1,AYLP01000443.1,AYLP01000444.1,AYLP01000445.1,AYLP01000446.1,AYLP01000447.1,AYLP01000448.1,AYLP01000449.1,AYLP01000450.1,AYLP01000451.1,AYLP01000452.1,AYLP01000453.1,AYLP01000454.1,AYLP01000455.1,AYLP01000456.1,AYLP01000457.1,AYLP01000458.1,AYLP01000459.1,AYLP01000460.1,AYLP01000461.1,AYLP01000462.1,AYLP01000463.1,AYLP01000464.1,AYLP01000465.1,AYLP01000466.1,AYLP01000467.1,AYLP01000468.1,AYLP01000469.1,AYLP01000470.1,AYLP01000471.1,AYLP01000472.1,AYLP01000473.1,AYLP01000474.1,AYLP01000475.1,AYLP01000476.1,AYLP01000477.1,AYLP01000478.1,AYLP01000479.1,AYLP01000480.1,AYLP01000481.1,AYLP01000482.1,AYLP01000483.1,AYLP01000484.1,AYLP01000485.1,AYLP01000486.1,AYLP01000487.1,AYLP01000488.1,AYLP01000489.1,AYLP01000490.1,AYLP01000491.1,AYLP01000492.1,AYLP01000493.1,AYLP01000494.1,AYLP01000495.1,AYLP01000496.1,AYLP01000497.1,AYLP01000498.1,AYLP01000499.1,AYLP01000500.1,AYLP01000501.1,AYLP01000502.1,AYLP01000503.1,AYLP01000504.1,AYLP01000505.1,AYLP01000506.1,AYLP01000507.1,AYLP01000508.1,AYLP01000509.1,AYLP01000510.1,AYLP01000511.1,AYLP01000512.1,AYLP01000513.1,AYLP01000514.1,AYLP01000515.1,AYLP01000516.1,AYLP01000517.1,AYLP01000518.1,AYLP01000519.1,AYLP01000520.1,AYLP01000521.1,AYLP01000522.1,AYLP01000523.1,AYLP01000524.1,AYLP01000525.1,AYLP01000526.1,AYLP01000527.1,AYLP01000528.1,AYLP01000529.1,AYLP01000530.1,AYLP01000531.1,AYLP01000532.1,AYLP01000533.1,AYLP01000534.1,AYLP01000535.1,AYLP01000536.1,AYLP01000537.1,AYLP01000538.1,AYLP01000539.1,AYLP01000540.1,AYLP01000541.1,AYLP01000542.1,AYLP01000543.1,AYLP01000544.1,AYLP01000545.1,AYLP01000546.1,AYLP01000547.1,AYLP01000548.1,AYLP01000549.1,AYLP01000550.1,AYLP01000551.1,AYLP01000552.1,AYLP01000553.1,AYLP01000554.1,AYLP01000555.1,AYLP01000556.1,AYLP01000557.1,AYLP01000558.1,AYLP01000559.1,AYLP01000560.1,AYLP01000561.1,AYLP01000562.1,AYLP01000563.1,AYLP01000564.1,AYLP01000565.1,AYLP01000566.1,AYLP01000567.1,AYLP01000568.1,AYLP01000569.1,AYLP01000570.1,AYLP01000571.1,AYLP01000572.1,AYLP01000573.1,AYLP01000574.1,AYLP01000575.1,AYLP01000576.1,AYLP01000577.1,AYLP01000578.1,AYLP01000579.1,AYLP01000580.1,AYLP01000581.1,AYLP01000582.1,AYLP01000583.1,AYLP01000584.1,AYLP01000585.1,AYLP01000586.1,AYLP01000587.1,AYLP01000588.1,AYLP01000589.1,AYLP01000590.1,AYLP01000591.1,AYLP01000592.1,AYLP01000593.1,AYLP01000594.1,AYLP01000595.1,AYLP01000596.1,AYLP01000597.1,AYLP01000598.1,AYLP01000599.1,AYLP01000600.1,AYLP01000601.1,AYLP01000602.1,AYLP01000603.1,AYLP01000604.1,AYLP01000605.1,AYLP01000606.1,AYLP01000607.1,AYLP01000608.1,AYLP01000609.1,AYLP01000610.1,AYLP01000611.1,AYLP01000612.1,AYLP01000613.1,AYLP01000614.1,AYLP01000615.1,AYLP01000616.1,AYLP01000617.1,AYLP01000618.1,AYLP01000619.1,AYLP01000620.1,AYLP01000621.1,AYLP01000622.1,AYLP01000623.1,AYLP01000624.1,AYLP01000625.1,AYLP01000626.1,AYLP01000627.1,AYLP01000628.1,AYLP01000629.1,AYLP01000630.1,AYLP01000631.1,AYLP01000632.1,AYLP01000633.1,AYLP01000634.1,AYLP01000635.1,AYLP01000636.1,AYLP01000637.1,AYLP01000638.1,AYLP01000639.1,AYLP01000640.1,AYLP01000641.1,AYLP01000642.1,AYLP01000643.1,AYLP01000644.1,AYLP01000645.1,AYLP01000646.1,AYLP01000647.1,AYLP01000648.1,AYLP01000649.1,AYLP01000650.1,AYLP01000651.1,AYLP01000652.1,AYLP01000653.1,AYLP01000654.1,AYLP01000655.1,AYLP01000656.1,AYLP01000657.1,AYLP01000658.1,AYLP01000659.1,AYLP01000660.1,AYLP01000661.1,AYLP01000662.1,AYLP01000663.1,AYLP01000664.1,AYLP01000665.1,AYLP01000666.1,AYLP01000667.1,AYLP01000668.1,AYLP01000669.1,AYLP01000670.1,AYLP01000671.1,AYLP01000672.1,AYLP01000673.1,AYLP01000674.1,AYLP01000675.1,AYLP01000676.1,AYLP01000677.1,AYLP01000678.1,AYLP01000679.1,AYLP01000680.1,AYLP01000681.1,AYLP01000682.1,AYLP01000683.1,AYLP01000684.1,AYLP01000685.1,AYLP01000686.1,AYLP01000687.1,AYLP01000688.1,AYLP01000689.1,AYLP01000690.1,AYLP01000691.1,AYLP01000692.1,AYLP01000693.1,AYLP01000694.1,AYLP01000695.1,AYLP01000696.1,AYLP01000697.1,AYLP01000698.1,AYLP01000699.1,AYLP01000700.1,AYLP01000701.1,AYLP01000702.1,AYLP01000703.1,AYLP01000704.1,AYLP01000705.1,AYLP01000706.1,AYLP01000707.1,AYLP01000708.1,AYLP01000709.1,AYLP01000710.1,AYLP01000711.1,AYLP01000712.1,AYLP01000713.1,AYLP01000714.1,AYLP01000715.1,AYLP01000716.1,AYLP01000717.1,AYLP01000718.1,AYLP01000719.1,AYLP01000720.1,AYLP01000721.1,AYLP01000722.1,AYLP01000723.1,AYLP01000724.1,AYLP01000725.1,AYLP01000726.1,AYLP01000727.1,AYLP01000728.1,AYLP01000729.1,AYLP01000730.1,AYLP01000731.1,AYLP01000732.1,AYLP01000733.1,AYLP01000734.1,AYLP01000735.1,AYLP01000736.1,AYLP01000737.1,AYLP01000738.1,AYLP01000739.1,AYLP01000740.1,AYLP01000741.1,AYLP01000742.1,AYLP01000743.1,AYLP01000744.1,AYLP01000745.1,AYLP01000746.1,AYLP01000747.1,AYLP01000748.1,AYLP01000749.1,AYLP01000750.1,AYLP01000751.1,AYLP01000752.1,AYLP01000753.1,AYLP01000754.1,AYLP01000755.1,AYLP01000756.1,AYLP01000757.1,AYLP01000758.1,AYLP01000759.1,AYLP01000760.1,AYLP01000761.1,AYLP01000762.1,AYLP01000763.1,AYLP01000764.1,AYLP01000765.1,AYLP01000766.1,AYLP01000767.1,AYLP01000768.1,AYLP01000769.1,AYLP01000770.1,AYLP01000771.1,AYLP01000772.1,AYLP01000773.1,AYLP01000774.1,AYLP01000775.1,AYLP01000776.1,AYLP01000777.1,AYLP01000778.1,AYLP01000779.1,AYLP01000780.1,AYLP01000781.1,AYLP01000782.1,AYLP01000783.1,AYLP01000784.1,AYLP01000785.1,AYLP01000786.1,AYLP01000787.1,AYLP01000788.1,AYLP01000789.1,AYLP01000790.1,AYLP01000791.1,AYLP01000792.1,AYLP01000793.1,AYLP01000794.1,AYLP01000795.1,AYLP01000796.1,AYLP01000797.1,AYLP01000798.1,AYLP01000799.1,AYLP01000800.1,AYLP01000801.1,AYLP01000802.1,AYLP01000803.1,AYLP01000804.1,AYLP01000805.1,AYLP01000806.1,AYLP01000807.1,AYLP01000808.1,AYLP01000809.1,AYLP01000810.1,AYLP01000811.1,AYLP01000812.1,AYLP01000813.1,AYLP01000814.1,AYLP01000815.1,AYLP01000816.1,AYLP01000817.1,AYLP01000818.1,AYLP01000819.1,AYLP01000820.1,AYLP01000821.1,AYLP01000822.1,AYLP01000823.1,AYLP01000824.1,AYLP01000825.1,AYLP01000826.1,AYLP01000827.1,AYLP01000828.1,AYLP01000829.1,AYLP01000830.1,AYLP01000831.1,AYLP01000832.1,AYLP01000833.1,AYLP01000834.1,AYLP01000835.1,AYLP01000836.1,AYLP01000837.1,AYLP01000838.1,AYLP01000839.1,AYLP01000840.1,AYLP01000841.1,AYLP01000842.1,AYLP01000843.1,AYLP01000844.1,AYLP01000845.1,AYLP01000846.1,AYLP01000847.1,AYLP01000848.1,AYLP01000849.1,AYLP01000850.1,AYLP01000851.1,AYLP01000852.1,AYLP01000853.1,AYLP01000854.1,AYLP01000855.1,AYLP01000856.1,AYLP01000857.1,AYLP01000858.1,AYLP01000859.1,AYLP01000860.1,AYLP01000861.1,AYLP01000862.1,AYLP01000863.1,AYLP01000864.1,AYLP01000865.1,AYLP01000866.1,AYLP01000867.1,AYLP01000868.1,AYLP01000869.1,AYLP01000870.1,AYLP01000871.1,AYLP01000872.1,AYLP01000873.1,AYLP01000874.1,AYLP01000875.1,AYLP01000876.1,AYLP01000877.1,AYLP01000878.1,AYLP01000879.1,AYLP01000880.1,AYLP01000881.1,AYLP01000882.1,AYLP01000883.1,AYLP01000884.1,AYLP01000885.1,AYLP01000886.1,AYLP01000887.1,AYLP01000888.1,AYLP01000889.1,AYLP01000890.1,AYLP01000891.1,AYLP01000892.1,AYLP01000893.1,AYLP01000894.1,AYLP01000895.1,AYLP01000896.1,AYLP01000897.1,AYLP01000898.1,AYLP01000899.1,AYLP01000900.1,AYLP01000901.1,AYLP01000902.1,AYLP01000903.1,AYLP01000904.1,AYLP01000905.1,AYLP01000906.1,AYLP01000907.1,AYLP01000908.1,AYLP01000909.1,AYLP01000910.1,AYLP01000911.1,AYLP01000912.1,AYLP01000913.1,AYLP01000914.1,AYLP01000915.1,AYLP01000916.1,AYLP01000917.1,AYLP01000918.1,AYLP01000919.1,AYLP01000920.1,AYLP01000921.1,AYLP01000922.1,AYLP01000923.1,AYLP01000924.1,AYLP01000925.1,AYLP01000926.1,AYLP01000927.1,AYLP01000928.1,AYLP01000929.1,AYLP01000930.1,AYLP01000931.1,AYLP01000932.1,AYLP01000933.1,AYLP01000934.1,AYLP01000935.1,AYLP01000936.1,AYLP01000937.1,AYLP01000938.1,AYLP01000939.1,AYLP01000940.1,AYLP01000941.1,AYLP01000942.1,AYLP01000943.1,AYLP01000944.1,AYLP01000945.1,AYLP01000946.1,AYLP01000947.1,AYLP01000948.1,AYLP01000949.1,AYLP01000950.1,AYLP01000951.1,AYLP01000952.1,AYLP01000953.1,AYLP01000954.1,AYLP01000955.1,AYLP01000956.1,AYLP01000957.1,AYLP01000958.1,AYLP01000959.1,AYLP01000960.1,AYLP01000961.1,AYLP01000962.1,AYLP01000963.1,AYLP01000964.1,AYLP01000965.1,AYLP01000966.1,AYLP01000967.1,AYLP01000968.1,AYLP01000969.1,AYLP01000970.1,AYLP01000971.1,AYLP01000972.1,AYLP01000973.1,AYLP01000974.1,AYLP01000975.1,AYLP01000976.1,AYLP01000977.1,AYLP01000978.1,AYLP01000979.1,AYLP01000980.1,AYLP01000981.1,AYLP01000982.1,AYLP01000983.1,AYLP01000984.1,AYLP01000985.1,AYLP01000986.1,AYLP01000987.1,AYLP01000988.1,AYLP01000989.1,AYLP01000990.1,AYLP01000991.1,AYLP01000992.1,AYLP01000993.1,AYLP01000994.1,AYLP01000995.1,AYLP01000996.1,AYLP01000997.1,AYLP01000998.1,AYLP01000999.1,AYLP01001000.1,AYLP01001001.1,AYLP01001002.1,AYLP01001003.1,AYLP01001004.1,AYLP01001005.1,AYLP01001006.1,AYLP01001007.1,AYLP01001008.1,AYLP01001009.1,AYLP01001010.1,AYLP01001011.1,AYLP01001012.1,AYLP01001013.1,AYLP01001014.1,AYLP01001015.1,AYLP01001016.1,AYLP01001017.1,AYLP01001018.1,AYLP01001019.1,AYLP01001020.1,AYLP01001021.1,AYLP01001022.1,AYLP01001023.1,AYLP01001024.1,AYLP01001025.1,AYLP01001026.1,AYLP01001027.1,AYLP01001028.1,AYLP01001029.1,AYLP01001030.1,AYLP01001031.1,AYLP01001032.1,AYLP01001033.1,AYLP01001034.1,AYLP01001035.1,AYLP01001036.1,AYLP01001037.1,AYLP01001038.1,AYLP01001039.1,AYLP01001040.1,AYLP01001041.1,AYLP01001042.1,AYLP01001043.1,AYLP01001044.1,AYLP01001045.1,AYLP01001046.1,AYLP01001047.1,AYLP01001048.1,AYLP01001049.1,AYLP01001050.1,AYLP01001051.1,AYLP01001052.1,AYLP01001053.1,AYLP01001054.1,AYLP01001055.1,AYLP01001056.1,AYLP01001057.1,AYLP01001058.1,AYLP01001059.1,AYLP01001060.1,AYLP01001061.1,AYLP01001062.1,AYLP01001063.1,AYLP01001064.1,AYLP01001065.1,AYLP01001066.1,AYLP01001067.1,AYLP01001068.1,AYLP01001069.1,AYLP01001070.1,AYLP01001071.1,AYLP01001072.1,AYLP01001073.1,AYLP01001074.1,AYLP01001075.1,AYLP01001076.1,AYLP01001077.1,AYLP01001078.1,AYLP01001079.1,AYLP01001080.1,AYLP01001081.1,AYLP01001082.1,AYLP01001083.1,AYLP01001084.1,AYLP01001085.1,AYLP01001086.1,AYLP01001087.1,AYLP01001088.1,AYLP01001089.1,AYLP01001090.1,AYLP01001091.1,AYLP01001092.1,AYLP01001093.1,AYLP01001094.1,AYLP01001095.1,AYLP01001096.1,AYLP01001097.1,AYLP01001098.1,AYLP01001099.1,AYLP01001100.1,AYLP01001101.1,AYLP01001102.1,AYLP01001103.1,AYLP01001104.1,AYLP01001105.1,AYLP01001106.1,AYLP01001107.1,AYLP01001108.1,AYLP01001109.1,AYLP01001110.1,AYLP01001111.1,AYLP01001112.1,AYLP01001113.1,AYLP01001114.1,AYLP01001115.1,AYLP01001116.1,AYLP01001117.1,AYLP01001118.1,AYLP01001119.1,AYLP01001120.1,AYLP01001121.1,AYLP01001122.1,AYLP01001123.1,AYLP01001124.1,AYLP01001125.1,AYLP01001126.1,AYLP01001127.1,AYLP01001128.1,AYLP01001129.1,AYLP01001130.1,AYLP01001131.1,AYLP01001132.1,AYLP01001133.1,AYLP01001134.1,AYLP01001135.1,AYLP01001136.1,AYLP01001137.1,AYLP01001138.1,AYLP01001139.1,AYLP01001140.1,AYLP01001141.1,AYLP01001142.1,AYLP01001143.1,AYLP01001144.1,AYLP01001145.1,AYLP01001146.1,AYLP01001147.1,AYLP01001148.1,AYLP01001149.1,AYLP01001150.1,AYLP01001151.1,AYLP01001152.1,AYLP01001153.1,AYLP01001154.1,AYLP01001155.1,AYLP01001156.1,AYLP01001157.1,AYLP01001158.1,AYLP01001159.1,AYLP01001160.1,AYLP01001161.1,AYLP01001162.1,AYLP01001163.1,AYLP01001164.1,AYLP01001165.1,AYLP01001166.1,AYLP01001167.1,AYLP01001168.1,AYLP01001169.1,AYLP01001170.1,AYLP01001171.1,AYLP01001172.1,AYLP01001173.1,AYLP01001174.1,AYLP01001175.1,AYLP01001176.1,AYLP01001177.1,AYLP01001178.1,AYLP01001179.1,AYLP01001180.1,AYLP01001181.1,AYLP01001182.1,AYLP01001183.1,AYLP01001184.1,AYLP01001185.1,AYLP01001186.1,AYLP01001187.1,AYLP01001188.1,AYLP01001189.1,AYLP01001190.1,AYLP01001191.1,AYLP01001192.1,AYLP01001193.1,AYLP01001194.1,AYLP01001195.1,AYLP01001196.1,AYLP01001197.1,AYLP01001198.1,AYLP01001199.1,AYLP01001200.1,AYLP01001201.1,AYLP01001202.1,AYLP01001203.1,AYLP01001204.1,AYLP01001205.1,AYLP01001206.1,AYLP01001207.1,AYLP01001208.1,AYLP01001209.1,AYLP01001210.1
iIS312_Epimastigote.json	pmid:	GCA_000496795.1	AYLP01000001.1,AYLP01000002.1,AYLP01000003.1,AYLP01000004.1,AYLP01000005.1,AYLP01000006.1,AYLP01000007.1,AYLP01000008.1,AYLP01000009.1,AYLP01000010.1,AYLP01000011.1,AYLP01000012.1,AYLP01000013.1,AYLP01000014.1,AYLP01000015.1,AYLP01000016.1,AYLP01000017.1,AYLP01000018.1,AYLP01000019.1,AYLP01000020.1,AYLP01000021.1,AYLP01000022.1,AYLP01000023.1,AYLP01000024.1,AYLP01000025.1,AYLP01000026.1,AYLP01000027.1,AYLP01000028.1,AYLP01000029.1,AYLP01000030.1,AYLP01000031.1,AYLP01000032.1,AYLP01000033.1,AYLP01000034.1,AYLP01000035.1,AYLP01000036.1,AYLP01000037.1,AYLP01000038.1,AYLP01000039.1,AYLP01000040.1,AYLP01000041.1,AYLP01000042.1,AYLP01000043.1,AYLP01000044.1,AYLP01000045.1,AYLP01000046.1,AYLP01000047.1,AYLP01000048.1,AYLP01000049.1,AYLP01000050.1,AYLP01000051.1,AYLP01000052.1,AYLP01000053.1,AYLP01000054.1,AYLP01000055.1,AYLP01000056.1,AYLP01000057.1,AYLP01000058.1,AYLP01000059.1,AYLP01000060.1,AYLP01000061.1,AYLP01000062.1,AYLP01000063.1,AYLP01000064.1,AYLP01000065.1,AYLP01000066.1,AYLP01000067.1,AYLP01000068.1,AYLP01000069.1,AYLP01000070.1,AYLP01000071.1,AYLP01000072.1,AYLP01000073.1,AYLP01000074.1,AYLP01000075.1,AYLP01000076.1,AYLP01000077.1,AYLP01000078.1,AYLP01000079.1,AYLP01000080.1,AYLP01000081.1,AYLP01000082.1,AYLP01000083.1,AYLP01000084.1,AYLP01000085.1,AYLP01000086.1,AYLP01000087.1,AYLP01000088.1,AYLP01000089.1,AYLP01000090.1,AYLP01000091.1,AYLP01000092.1,AYLP01000093.1,AYLP01000094.1,AYLP01000095.1,AYLP01000096.1,AYLP01000097.1,AYLP01000098.1,AYLP01000099.1,AYLP01000100.1,AYLP01000101.1,AYLP01000102.1,AYLP01000103.1,AYLP01000104.1,AYLP01000105.1,AYLP01000106.1,AYLP01000107.1,AYLP01000108.1,AYLP01000109.1,AYLP01000110.1,AYLP01000111.1,AYLP01000112.1,AYLP01000113.1,AYLP01000114.1,AYLP01000115.1,AYLP01000116.1,AYLP01000117.1,AYLP01000118.1,AYLP01000119.1,AYLP01000120.1,AYLP01000121.1,AYLP01000122.1,AYLP01000123.1,AYLP01000124.1,AYLP01000125.1,AYLP01000126.1,AYLP01000127.1,AYLP01000128.1,AYLP01000129.1,AYLP01000130.1,AYLP01000131.1,AYLP01000132.1,AYLP01000133.1,AYLP01000134.1,AYLP01000135.1,AYLP01000136.1,AYLP01000137.1,AYLP01000138.1,AYLP01000139.1,AYLP01000140.1,AYLP01000141.1,AYLP01000142.1,AYLP01000143.1,AYLP01000144.1,AYLP01000145.1,AYLP01000146.1,AYLP01000147.1,AYLP01000148.1,AYLP01000149.1,AYLP01000150.1,AYLP01000151.1,AYLP01000152.1,AYLP01000153.1,AYLP01000154.1,AYLP01000155.1,AYLP01000156.1,AYLP01000157.1,AYLP01000158.1,AYLP01000159.1,AYLP01000160.1,AYLP01000161.1,AYLP01000162.1,AYLP01000163.1,AYLP01000164.1,AYLP01000165.1,AYLP01000166.1,AYLP01000167.1,AYLP01000168.1,AYLP01000169.1,AYLP01000170.1,AYLP01000171.1,AYLP01000172.1,AYLP01000173.1,AYLP01000174.1,AYLP01000175.1,AYLP01000176.1,AYLP01000177.1,AYLP01000178.1,AYLP01000179.1,AYLP01000180.1,AYLP01000181.1,AYLP01000182.1,AYLP01000183.1,AYLP01000184.1,AYLP01000185.1,AYLP01000186.1,AYLP01000187.1,AYLP01000188.1,AYLP01000189.1,AYLP01000190.1,AYLP01000191.1,AYLP01000192.1,AYLP01000193.1,AYLP01000194.1,AYLP01000195.1,AYLP01000196.1,AYLP01000197.1,AYLP01000198.1,AYLP01000199.1,AYLP01000200.1,AYLP01000201.1,AYLP01000202.1,AYLP01000203.1,AYLP01000204.1,AYLP01000205.1,AYLP01000206.1,AYLP01000207.1,AYLP01000208.1,AYLP01000209.1,AYLP01000210.1,AYLP01000211.1,AYLP01000212.1,AYLP01000213.1,AYLP01000214.1,AYLP01000215.1,AYLP01000216.1,AYLP01000217.1,AYLP01000218.1,AYLP01000219.1,AYLP01000220.1,AYLP01000221.1,AYLP01000222.1,AYLP01000223.1,AYLP01000224.1,AYLP01000225.1,AYLP01000226.1,AYLP01000227.1,AYLP01000228.1,AYLP01000229.1,AYLP01000230.1,AYLP01000231.1,AYLP01000232.1,AYLP01000233.1,AYLP01000234.1,AYLP01000235.1,AYLP01000236.1,AYLP01000237.1,AYLP01000238.1,AYLP01000239.1,AYLP01000240.1,AYLP01000241.1,AYLP01000242.1,AYLP01000243.1,AYLP01000244.1,AYLP01000245.1,AYLP01000246.1,AYLP01000247.1,AYLP01000248.1,AYLP01000249.1,AYLP01000250.1,AYLP01000251.1,AYLP01000252.1,AYLP01000253.1,AYLP01000254.1,AYLP01000255.1,AYLP01000256.1,AYLP01000257.1,AYLP01000258.1,AYLP01000259.1,AYLP01000260.1,AYLP01000261.1,AYLP01000262.1,AYLP01000263.1,AYLP01000264.1,AYLP01000265.1,AYLP01000266.1,AYLP01000267.1,AYLP01000268.1,AYLP01000269.1,AYLP01000270.1,AYLP01000271.1,AYLP01000272.1,AYLP01000273.1,AYLP01000274.1,AYLP01000275.1,AYLP01000276.1,AYLP01000277.1,AYLP01000278.1,AYLP01000279.1,AYLP01000280.1,AYLP01000281.1,AYLP01000282.1,AYLP01000283.1,AYLP01000284.1,AYLP01000285.1,AYLP01000286.1,AYLP01000287.1,AYLP01000288.1,AYLP01000289.1,AYLP01000290.1,AYLP01000291.1,AYLP01000292.1,AYLP01000293.1,AYLP01000294.1,AYLP01000295.1,AYLP01000296.1,AYLP01000297.1,AYLP01000298.1,AYLP01000299.1,AYLP01000300.1,AYLP01000301.1,AYLP01000302.1,AYLP01000303.1,AYLP01000304.1,AYLP01000305.1,AYLP01000306.1,AYLP01000307.1,AYLP01000308.1,AYLP01000309.1,AYLP01000310.1,AYLP01000311.1,AYLP01000312.1,AYLP01000313.1,AYLP01000314.1,AYLP01000315.1,AYLP01000316.1,AYLP01000317.1,AYLP01000318.1,AYLP01000319.1,AYLP01000320.1,AYLP01000321.1,AYLP01000322.1,AYLP01000323.1,AYLP01000324.1,AYLP01000325.1,AYLP01000326.1,AYLP01000327.1,AYLP01000328.1,AYLP01000329.1,AYLP01000330.1,AYLP01000331.1,AYLP01000332.1,AYLP01000333.1,AYLP01000334.1,AYLP01000335.1,AYLP01000336.1,AYLP01000337.1,AYLP01000338.1,AYLP01000339.1,AYLP01000340.1,AYLP01000341.1,AYLP01000342.1,AYLP01000343.1,AYLP01000344.1,AYLP01000345.1,AYLP01000346.1,AYLP01000347.1,AYLP01000348.1,AYLP01000349.1,AYLP01000350.1,AYLP01000351.1,AYLP01000352.1,AYLP01000353.1,AYLP01000354.1,AYLP01000355.1,AYLP01000356.1,AYLP01000357.1,AYLP01000358.1,AYLP01000359.1,AYLP01000360.1,AYLP01000361.1,AYLP01000362.1,AYLP01000363.1,AYLP01000364.1,AYLP01000365.1,AYLP01000366.1,AYLP01000367.1,AYLP01000368.1,AYLP01000369.1,AYLP01000370.1,AYLP01000371.1,AYLP01000372.1,AYLP01000373.1,AYLP01000374.1,AYLP01000375.1,AYLP01000376.1,AYLP01000377.1,AYLP01000378.1,AYLP01000379.1,AYLP01000380.1,AYLP01000381.1,AYLP01000382.1,AYLP01000383.1,AYLP01000384.1,AYLP01000385.1,AYLP01000386.1,AYLP01000387.1,AYLP01000388.1,AYLP01000389.1,AYLP01000390.1,AYLP01000391.1,AYLP01000392.1,AYLP01000393.1,AYLP01000394.1,AYLP01000395.1,AYLP01000396.1,AYLP01000397.1,AYLP01000398.1,AYLP01000399.1,AYLP01000400.1,AYLP01000401.1,AYLP01000402.1,AYLP01000403.1,AYLP01000404.1,AYLP01000405.1,AYLP01000406.1,AYLP01000407.1,AYLP01000408.1,AYLP01000409.1,AYLP01000410.1,AYLP01000411.1,AYLP01000412.1,AYLP01000413.1,AYLP01000414.1,AYLP01000415.1,AYLP01000416.1,AYLP01000417.1,AYLP01000418.1,AYLP01000419.1,AYLP01000420.1,AYLP01000421.1,AYLP01000422.1,AYLP01000423.1,AYLP01000424.1,AYLP01000425.1,AYLP01000426.1,AYLP01000427.1,AYLP01000428.1,AYLP01000429.1,AYLP01000430.1,AYLP01000431.1,AYLP01000432.1,AYLP01000433.1,AYLP01000434.1,AYLP01000435.1,AYLP01000436.1,AYLP01000437.1,AYLP01000438.1,AYLP01000439.1,AYLP01000440.1,AYLP01000441.1,AYLP01000442.1,AYLP01000443.1,AYLP01000444.1,AYLP01000445.1,AYLP01000446.1,AYLP01000447.1,AYLP01000448.1,AYLP01000449.1,AYLP01000450.1,AYLP01000451.1,AYLP01000452.1,AYLP01000453.1,AYLP01000454.1,AYLP01000455.1,AYLP01000456.1,AYLP01000457.1,AYLP01000458.1,AYLP01000459.1,AYLP01000460.1,AYLP01000461.1,AYLP01000462.1,AYLP01000463.1,AYLP01000464.1,AYLP01000465.1,AYLP01000466.1,AYLP01000467.1,AYLP01000468.1,AYLP01000469.1,AYLP01000470.1,AYLP01000471.1,AYLP01000472.1,AYLP01000473.1,AYLP01000474.1,AYLP01000475.1,AYLP01000476.1,AYLP01000477.1,AYLP01000478.1,AYLP01000479.1,AYLP01000480.1,AYLP01000481.1,AYLP01000482.1,AYLP01000483.1,AYLP01000484.1,AYLP01000485.1,AYLP01000486.1,AYLP01000487.1,AYLP01000488.1,AYLP01000489.1,AYLP01000490.1,AYLP01000491.1,AYLP01000492.1,AYLP01000493.1,AYLP01000494.1,AYLP01000495.1,AYLP01000496.1,AYLP01000497.1,AYLP01000498.1,AYLP01000499.1,AYLP01000500.1,AYLP01000501.1,AYLP01000502.1,AYLP01000503.1,AYLP01000504.1,AYLP01000505.1,AYLP01000506.1,AYLP01000507.1,AYLP01000508.1,AYLP01000509.1,AYLP01000510.1,AYLP01000511.1,AYLP01000512.1,AYLP01000513.1,AYLP01000514.1,AYLP01000515.1,AYLP01000516.1,AYLP01000517.1,AYLP01000518.1,AYLP01000519.1,AYLP01000520.1,AYLP01000521.1,AYLP01000522.1,AYLP01000523.1,AYLP01000524.1,AYLP01000525.1,AYLP01000526.1,AYLP01000527.1,AYLP01000528.1,AYLP01000529.1,AYLP01000530.1,AYLP01000531.1,AYLP01000532.1,AYLP01000533.1,AYLP01000534.1,AYLP01000535.1,AYLP01000536.1,AYLP01000537.1,AYLP01000538.1,AYLP01000539.1,AYLP01000540.1,AYLP01000541.1,AYLP01000542.1,AYLP01000543.1,AYLP01000544.1,AYLP01000545.1,AYLP01000546.1,AYLP01000547.1,AYLP01000548.1,AYLP01000549.1,AYLP01000550.1,AYLP01000551.1,AYLP01000552.1,AYLP01000553.1,AYLP01000554.1,AYLP01000555.1,AYLP01000556.1,AYLP01000557.1,AYLP01000558.1,AYLP01000559.1,AYLP01000560.1,AYLP01000561.1,AYLP01000562.1,AYLP01000563.1,AYLP01000564.1,AYLP01000565.1,AYLP01000566.1,AYLP01000567.1,AYLP01000568.1,AYLP01000569.1,AYLP01000570.1,AYLP01000571.1,AYLP01000572.1,AYLP01000573.1,AYLP01000574.1,AYLP01000575.1,AYLP01000576.1,AYLP01000577.1,AYLP01000578.1,AYLP01000579.1,AYLP01000580.1,AYLP01000581.1,AYLP01000582.1,AYLP01000583.1,AYLP01000584.1,AYLP01000585.1,AYLP01000586.1,AYLP01000587.1,AYLP01000588.1,AYLP01000589.1,AYLP01000590.1,AYLP01000591.1,AYLP01000592.1,AYLP01000593.1,AYLP01000594.1,AYLP01000595.1,AYLP01000596.1,AYLP01000597.1,AYLP01000598.1,AYLP01000599.1,AYLP01000600.1,AYLP01000601.1,AYLP01000602.1,AYLP01000603.1,AYLP01000604.1,AYLP01000605.1,AYLP01000606.1,AYLP01000607.1,AYLP01000608.1,AYLP01000609.1,AYLP01000610.1,AYLP01000611.1,AYLP01000612.1,AYLP01000613.1,AYLP01000614.1,AYLP01000615.1,AYLP01000616.1,AYLP01000617.1,AYLP01000618.1,AYLP01000619.1,AYLP01000620.1,AYLP01000621.1,AYLP01000622.1,AYLP01000623.1,AYLP01000624.1,AYLP01000625.1,AYLP01000626.1,AYLP01000627.1,AYLP01000628.1,AYLP01000629.1,AYLP01000630.1,AYLP01000631.1,AYLP01000632.1,AYLP01000633.1,AYLP01000634.1,AYLP01000635.1,AYLP01000636.1,AYLP01000637.1,AYLP01000638.1,AYLP01000639.1,AYLP01000640.1,AYLP01000641.1,AYLP01000642.1,AYLP01000643.1,AYLP01000644.1,AYLP01000645.1,AYLP01000646.1,AYLP01000647.1,AYLP01000648.1,AYLP01000649.1,AYLP01000650.1,AYLP01000651.1,AYLP01000652.1,AYLP01000653.1,AYLP01000654.1,AYLP01000655.1,AYLP01000656.1,AYLP01000657.1,AYLP01000658.1,AYLP01000659.1,AYLP01000660.1,AYLP01000661.1,AYLP01000662.1,AYLP01000663.1,AYLP01000664.1,AYLP01000665.1,AYLP01000666.1,AYLP01000667.1,AYLP01000668.1,AYLP01000669.1,AYLP01000670.1,AYLP01000671.1,AYLP01000672.1,AYLP01000673.1,AYLP01000674.1,AYLP01000675.1,AYLP01000676.1,AYLP01000677.1,AYLP01000678.1,AYLP01000679.1,AYLP01000680.1,AYLP01000681.1,AYLP01000682.1,AYLP01000683.1,AYLP01000684.1,AYLP01000685.1,AYLP01000686.1,AYLP01000687.1,AYLP01000688.1,AYLP01000689.1,AYLP01000690.1,AYLP01000691.1,AYLP01000692.1,AYLP01000693.1,AYLP01000694.1,AYLP01000695.1,AYLP01000696.1,AYLP01000697.1,AYLP01000698.1,AYLP01000699.1,AYLP01000700.1,AYLP01000701.1,AYLP01000702.1,AYLP01000703.1,AYLP01000704.1,AYLP01000705.1,AYLP01000706.1,AYLP01000707.1,AYLP01000708.1,AYLP01000709.1,AYLP01000710.1,AYLP01000711.1,AYLP01000712.1,AYLP01000713.1,AYLP01000714.1,AYLP01000715.1,AYLP01000716.1,AYLP01000717.1,AYLP01000718.1,AYLP01000719.1,AYLP01000720.1,AYLP01000721.1,AYLP01000722.1,AYLP01000723.1,AYLP01000724.1,AYLP01000725.1,AYLP01000726.1,AYLP01000727.1,AYLP01000728.1,AYLP01000729.1,AYLP01000730.1,AYLP01000731.1,AYLP01000732.1,AYLP01000733.1,AYLP01000734.1,AYLP01000735.1,AYLP01000736.1,AYLP01000737.1,AYLP01000738.1,AYLP01000739.1,AYLP01000740.1,AYLP01000741.1,AYLP01000742.1,AYLP01000743.1,AYLP01000744.1,AYLP01000745.1,AYLP01000746.1,AYLP01000747.1,AYLP01000748.1,AYLP01000749.1,AYLP01000750.1,AYLP01000751.1,AYLP01000752.1,AYLP01000753.1,AYLP01000754.1,AYLP01000755.1,AYLP01000756.1,AYLP01000757.1,AYLP01000758.1,AYLP01000759.1,AYLP01000760.1,AYLP01000761.1,AYLP01000762.1,AYLP01000763.1,AYLP01000764.1,AYLP01000765.1,AYLP01000766.1,AYLP01000767.1,AYLP01000768.1,AYLP01000769.1,AYLP01000770.1,AYLP01000771.1,AYLP01000772.1,AYLP01000773.1,AYLP01000774.1,AYLP01000775.1,AYLP01000776.1,AYLP01000777.1,AYLP01000778.1,AYLP01000779.1,AYLP01000780.1,AYLP01000781.1,AYLP01000782.1,AYLP01000783.1,AYLP01000784.1,AYLP01000785.1,AYLP01000786.1,AYLP01000787.1,AYLP01000788.1,AYLP01000789.1,AYLP01000790.1,AYLP01000791.1,AYLP01000792.1,AYLP01000793.1,AYLP01000794.1,AYLP01000795.1,AYLP01000796.1,AYLP01000797.1,AYLP01000798.1,AYLP01000799.1,AYLP01000800.1,AYLP01000801.1,AYLP01000802.1,AYLP01000803.1,AYLP01000804.1,AYLP01000805.1,AYLP01000806.1,AYLP01000807.1,AYLP01000808.1,AYLP01000809.1,AYLP01000810.1,AYLP01000811.1,AYLP01000812.1,AYLP01000813.1,AYLP01000814.1,AYLP01000815.1,AYLP01000816.1,AYLP01000817.1,AYLP01000818.1,AYLP01000819.1,AYLP01000820.1,AYLP01000821.1,AYLP01000822.1,AYLP01000823.1,AYLP01000824.1,AYLP01000825.1,AYLP01000826.1,AYLP01000827.1,AYLP01000828.1,AYLP01000829.1,AYLP01000830.1,AYLP01000831.1,AYLP01000832.1,AYLP01000833.1,AYLP01000834.1,AYLP01000835.1,AYLP01000836.1,AYLP01000837.1,AYLP01000838.1,AYLP01000839.1,AYLP01000840.1,AYLP01000841.1,AYLP01000842.1,AYLP01000843.1,AYLP01000844.1,AYLP01000845.1,AYLP01000846.1,AYLP01000847.1,AYLP01000848.1,AYLP01000849.1,AYLP01000850.1,AYLP01000851.1,AYLP01000852.1,AYLP01000853.1,AYLP01000854.1,AYLP01000855.1,AYLP01000856.1,AYLP01000857.1,AYLP01000858.1,AYLP01000859.1,AYLP01000860.1,AYLP01000861.1,AYLP01000862.1,AYLP01000863.1,AYLP01000864.1,AYLP01000865.1,AYLP01000866.1,AYLP01000867.1,AYLP01000868.1,AYLP01000869.1,AYLP01000870.1,AYLP01000871.1,AYLP01000872.1,AYLP01000873.1,AYLP01000874.1,AYLP01000875.1,AYLP01000876.1,AYLP01000877.1,AYLP01000878.1,AYLP01000879.1,AYLP01000880.1,AYLP01000881.1,AYLP01000882.1,AYLP01000883.1,AYLP01000884.1,AYLP01000885.1,AYLP01000886.1,AYLP01000887.1,AYLP01000888.1,AYLP01000889.1,AYLP01000890.1,AYLP01000891.1,AYLP01000892.1,AYLP01000893.1,AYLP01000894.1,AYLP01000895.1,AYLP01000896.1,AYLP01000897.1,AYLP01000898.1,AYLP01000899.1,AYLP01000900.1,AYLP01000901.1,AYLP01000902.1,AYLP01000903.1,AYLP01000904.1,AYLP01000905.1,AYLP01000906.1,AYLP01000907.1,AYLP01000908.1,AYLP01000909.1,AYLP01000910.1,AYLP01000911.1,AYLP01000912.1,AYLP01000913.1,AYLP01000914.1,AYLP01000915.1,AYLP01000916.1,AYLP01000917.1,AYLP01000918.1,AYLP01000919.1,AYLP01000920.1,AYLP01000921.1,AYLP01000922.1,AYLP01000923.1,AYLP01000924.1,AYLP01000925.1,AYLP01000926.1,AYLP01000927.1,AYLP01000928.1,AYLP01000929.1,AYLP01000930.1,AYLP01000931.1,AYLP01000932.1,AYLP01000933.1,AYLP01000934.1,AYLP01000935.1,AYLP01000936.1,AYLP01000937.1,AYLP01000938.1,AYLP01000939.1,AYLP01000940.1,AYLP01000941.1,AYLP01000942.1,AYLP01000943.1,AYLP01000944.1,AYLP01000945.1,AYLP01000946.1,AYLP01000947.1,AYLP01000948.1,AYLP01000949.1,AYLP01000950.1,AYLP01000951.1,AYLP01000952.1,AYLP01000953.1,AYLP01000954.1,AYLP01000955.1,AYLP01000956.1,AYLP01000957.1,AYLP01000958.1,AYLP01000959.1,AYLP01000960.1,AYLP01000961.1,AYLP01000962.1,AYLP01000963.1,AYLP01000964.1,AYLP01000965.1,AYLP01000966.1,AYLP01000967.1,AYLP01000968.1,AYLP01000969.1,AYLP01000970.1,AYLP01000971.1,AYLP01000972.1,AYLP01000973.1,AYLP01000974.1,AYLP01000975.1,AYLP01000976.1,AYLP01000977.1,AYLP01000978.1,AYLP01000979.1,AYLP01000980.1,AYLP01000981.1,AYLP01000982.1,AYLP01000983.1,AYLP01000984.1,AYLP01000985.1,AYLP01000986.1,AYLP01000987.1,AYLP01000988.1,AYLP01000989.1,AYLP01000990.1,AYLP01000991.1,AYLP01000992.1,AYLP01000993.1,AYLP01000994.1,AYLP01000995.1,AYLP01000996.1,AYLP01000997.1,AYLP01000998.1,AYLP01000999.1,AYLP01001000.1,AYLP01001001.1,AYLP01001002.1,AYLP01001003.1,AYLP01001004.1,AYLP01001005.1,AYLP01001006.1,AYLP01001007.1,AYLP01001008.1,AYLP01001009.1,AYLP01001010.1,AYLP01001011.1,AYLP01001012.1,AYLP01001013.1,AYLP01001014.1,AYLP01001015.1,AYLP01001016.1,AYLP01001017.1,AYLP01001018.1,AYLP01001019.1,AYLP01001020.1,AYLP01001021.1,AYLP01001022.1,AYLP01001023.1,AYLP01001024.1,AYLP01001025.1,AYLP01001026.1,AYLP01001027.1,AYLP01001028.1,AYLP01001029.1,AYLP01001030.1,AYLP01001031.1,AYLP01001032.1,AYLP01001033.1,AYLP01001034.1,AYLP01001035.1,AYLP01001036.1,AYLP01001037.1,AYLP01001038.1,AYLP01001039.1,AYLP01001040.1,AYLP01001041.1,AYLP01001042.1,AYLP01001043.1,AYLP01001044.1,AYLP01001045.1,AYLP01001046.1,AYLP01001047.1,AYLP01001048.1,AYLP01001049.1,AYLP01001050.1,AYLP01001051.1,AYLP01001052.1,AYLP01001053.1,AYLP01001054.1,AYLP01001055.1,AYLP01001056.1,AYLP01001057.1,AYLP01001058.1,AYLP01001059.1,AYLP01001060.1,AYLP01001061.1,AYLP01001062.1,AYLP01001063.1,AYLP01001064.1,AYLP01001065.1,AYLP01001066.1,AYLP01001067.1,AYLP01001068.1,AYLP01001069.1,AYLP01001070.1,AYLP01001071.1,AYLP01001072.1,AYLP01001073.1,AYLP01001074.1,AYLP01001075.1,AYLP01001076.1,AYLP01001077.1,AYLP01001078.1,AYLP01001079.1,AYLP01001080.1,AYLP01001081.1,AYLP01001082.1,AYLP01001083.1,AYLP01001084.1,AYLP01001085.1,AYLP01001086.1,AYLP01001087.1,AYLP01001088.1,AYLP01001089.1,AYLP01001090.1,AYLP01001091.1,AYLP01001092.1,AYLP01001093.1,AYLP01001094.1,AYLP01001095.1,AYLP01001096.1,AYLP01001097.1,AYLP01001098.1,AYLP01001099.1,AYLP01001100.1,AYLP01001101.1,AYLP01001102.1,AYLP01001103.1,AYLP01001104.1,AYLP01001105.1,AYLP01001106.1,AYLP01001107.1,AYLP01001108.1,AYLP01001109.1,AYLP01001110.1,AYLP01001111.1,AYLP01001112.1,AYLP01001113.1,AYLP01001114.1,AYLP01001115.1,AYLP01001116.1,AYLP01001117.1,AYLP01001118.1,AYLP01001119.1,AYLP01001120.1,AYLP01001121.1,AYLP01001122.1,AYLP01001123.1,AYLP01001124.1,AYLP01001125.1,AYLP01001126.1,AYLP01001127.1,AYLP01001128.1,AYLP01001129.1,AYLP01001130.1,AYLP01001131.1,AYLP01001132.1,AYLP01001133.1,AYLP01001134.1,AYLP01001135.1,AYLP01001136.1,AYLP01001137.1,AYLP01001138.1,AYLP01001139.1,AYLP01001140.1,AYLP01001141.1,AYLP01001142.1,AYLP01001143.1,AYLP01001144.1,AYLP01001145.1,AYLP01001146.1,AYLP01001147.1,AYLP01001148.1,AYLP01001149.1,AYLP01001150.1,AYLP01001151.1,AYLP01001152.1,AYLP01001153.1,AYLP01001154.1,AYLP01001155.1,AYLP01001156.1,AYLP01001157.1,AYLP01001158.1,AYLP01001159.1,AYLP01001160.1,AYLP01001161.1,AYLP01001162.1,AYLP01001163.1,AYLP01001164.1,AYLP01001165.1,AYLP01001166.1,AYLP01001167.1,AYLP01001168.1,AYLP01001169.1,AYLP01001170.1,AYLP01001171.1,AYLP01001172.1,AYLP01001173.1,AYLP01001174.1,AYLP01001175.1,AYLP01001176.1,AYLP01001177.1,AYLP01001178.1,AYLP01001179.1,AYLP01001180.1,AYLP01001181.1,AYLP01001182.1,AYLP01001183.1,AYLP01001184.1,AYLP01001185.1,AYLP01001186.1,AYLP01001187.1,AYLP01001188.1,AYLP01001189.1,AYLP01001190.1,AYLP01001191.1,AYLP01001192.1,AYLP01001193.1,AYLP01001194.1,AYLP01001195.1,AYLP01001196.1,AYLP01001197.1,AYLP01001198.1,AYLP01001199.1,AYLP01001200.1,AYLP01001201.1,AYLP01001202.1,AYLP01001203.1,AYLP01001204.1,AYLP01001205.1,AYLP01001206.1,AYLP01001207.1,AYLP01001208.1,AYLP01001209.1,AYLP01001210.1
iIS312.json	pmid:	GCA_000496795.1	AYLP01000001.1,AYLP01000002.1,AYLP01000003.1,AYLP01000004.1,AYLP01000005.1,AYLP01000006.1,AYLP01000007.1,AYLP01000008.1,AYLP01000009.1,AYLP01000010.1,AYLP01000011.1,AYLP01000012.1,AYLP01000013.1,AYLP01000014.1,AYLP01000015.1,AYLP01000016.1,AYLP01000017.1,AYLP01000018.1,AYLP01000019.1,AYLP01000020.1,AYLP01000021.1,AYLP01000022.1,AYLP01000023.1,AYLP01000024.1,AYLP01000025.1,AYLP01000026.1,AYLP01000027.1,AYLP01000028.1,AYLP01000029.1,AYLP01000030.1,AYLP01000031.1,AYLP01000032.1,AYLP01000033.1,AYLP01000034.1,AYLP01000035.1,AYLP01000036.1,AYLP01000037.1,AYLP01000038.1,AYLP01000039.1,AYLP01000040.1,AYLP01000041.1,AYLP01000042.1,AYLP01000043.1,AYLP01000044.1,AYLP01000045.1,AYLP01000046.1,AYLP01000047.1,AYLP01000048.1,AYLP01000049.1,AYLP01000050.1,AYLP01000051.1,AYLP01000052.1,AYLP01000053.1,AYLP01000054.1,AYLP01000055.1,AYLP01000056.1,AYLP01000057.1,AYLP01000058.1,AYLP01000059.1,AYLP01000060.1,AYLP01000061.1,AYLP01000062.1,AYLP01000063.1,AYLP01000064.1,AYLP01000065.1,AYLP01000066.1,AYLP01000067.1,AYLP01000068.1,AYLP01000069.1,AYLP01000070.1,AYLP01000071.1,AYLP01000072.1,AYLP01000073.1,AYLP01000074.1,AYLP01000075.1,AYLP01000076.1,AYLP01000077.1,AYLP01000078.1,AYLP01000079.1,AYLP01000080.1,AYLP01000081.1,AYLP01000082.1,AYLP01000083.1,AYLP01000084.1,AYLP01000085.1,AYLP01000086.1,AYLP01000087.1,AYLP01000088.1,AYLP01000089.1,AYLP01000090.1,AYLP01000091.1,AYLP01000092.1,AYLP01000093.1,AYLP01000094.1,AYLP01000095.1,AYLP01000096.1,AYLP01000097.1,AYLP01000098.1,AYLP01000099.1,AYLP01000100.1,AYLP01000101.1,AYLP01000102.1,AYLP01000103.1,AYLP01000104.1,AYLP01000105.1,AYLP01000106.1,AYLP01000107.1,AYLP01000108.1,AYLP01000109.1,AYLP01000110.1,AYLP01000111.1,AYLP01000112.1,AYLP01000113.1,AYLP01000114.1,AYLP01000115.1,AYLP01000116.1,AYLP01000117.1,AYLP01000118.1,AYLP01000119.1,AYLP01000120.1,AYLP01000121.1,AYLP01000122.1,AYLP01000123.1,AYLP01000124.1,AYLP01000125.1,AYLP01000126.1,AYLP01000127.1,AYLP01000128.1,AYLP01000129.1,AYLP01000130.1,AYLP01000131.1,AYLP01000132.1,AYLP01000133.1,AYLP01000134.1,AYLP01000135.1,AYLP01000136.1,AYLP01000137.1,AYLP01000138.1,AYLP01000139.1,AYLP01000140.1,AYLP01000141.1,AYLP01000142.1,AYLP01000143.1,AYLP01000144.1,AYLP01000145.1,AYLP01000146.1,AYLP01000147.1,AYLP01000148.1,AYLP01000149.1,AYLP01000150.1,AYLP01000151.1,AYLP01000152.1,AYLP01000153.1,AYLP01000154.1,AYLP01000155.1,AYLP01000156.1,AYLP01000157.1,AYLP01000158.1,AYLP01000159.1,AYLP01000160.1,AYLP01000161.1,AYLP01000162.1,AYLP01000163.1,AYLP01000164.1,AYLP01000165.1,AYLP01000166.1,AYLP01000167.1,AYLP01000168.1,AYLP01000169.1,AYLP01000170.1,AYLP01000171.1,AYLP01000172.1,AYLP01000173.1,AYLP01000174.1,AYLP01000175.1,AYLP01000176.1,AYLP01000177.1,AYLP01000178.1,AYLP01000179.1,AYLP01000180.1,AYLP01000181.1,AYLP01000182.1,AYLP01000183.1,AYLP01000184.1,AYLP01000185.1,AYLP01000186.1,AYLP01000187.1,AYLP01000188.1,AYLP01000189.1,AYLP01000190.1,AYLP01000191.1,AYLP01000192.1,AYLP01000193.1,AYLP01000194.1,AYLP01000195.1,AYLP01000196.1,AYLP01000197.1,AYLP01000198.1,AYLP01000199.1,AYLP01000200.1,AYLP01000201.1,AYLP01000202.1,AYLP01000203.1,AYLP01000204.1,AYLP01000205.1,AYLP01000206.1,AYLP01000207.1,AYLP01000208.1,AYLP01000209.1,AYLP01000210.1,AYLP01000211.1,AYLP01000212.1,AYLP01000213.1,AYLP01000214.1,AYLP01000215.1,AYLP01000216.1,AYLP01000217.1,AYLP01000218.1,AYLP01000219.1,AYLP01000220.1,AYLP01000221.1,AYLP01000222.1,AYLP01000223.1,AYLP01000224.1,AYLP01000225.1,AYLP01000226.1,AYLP01000227.1,AYLP01000228.1,AYLP01000229.1,AYLP01000230.1,AYLP01000231.1,AYLP01000232.1,AYLP01000233.1,AYLP01000234.1,AYLP01000235.1,AYLP01000236.1,AYLP01000237.1,AYLP01000238.1,AYLP01000239.1,AYLP01000240.1,AYLP01000241.1,AYLP01000242.1,AYLP01000243.1,AYLP01000244.1,AYLP01000245.1,AYLP01000246.1,AYLP01000247.1,AYLP01000248.1,AYLP01000249.1,AYLP01000250.1,AYLP01000251.1,AYLP01000252.1,AYLP01000253.1,AYLP01000254.1,AYLP01000255.1,AYLP01000256.1,AYLP01000257.1,AYLP01000258.1,AYLP01000259.1,AYLP01000260.1,AYLP01000261.1,AYLP01000262.1,AYLP01000263.1,AYLP01000264.1,AYLP01000265.1,AYLP01000266.1,AYLP01000267.1,AYLP01000268.1,AYLP01000269.1,AYLP01000270.1,AYLP01000271.1,AYLP01000272.1,AYLP01000273.1,AYLP01000274.1,AYLP01000275.1,AYLP01000276.1,AYLP01000277.1,AYLP01000278.1,AYLP01000279.1,AYLP01000280.1,AYLP01000281.1,AYLP01000282.1,AYLP01000283.1,AYLP01000284.1,AYLP01000285.1,AYLP01000286.1,AYLP01000287.1,AYLP01000288.1,AYLP01000289.1,AYLP01000290.1,AYLP01000291.1,AYLP01000292.1,AYLP01000293.1,AYLP01000294.1,AYLP01000295.1,AYLP01000296.1,AYLP01000297.1,AYLP01000298.1,AYLP01000299.1,AYLP01000300.1,AYLP01000301.1,AYLP01000302.1,AYLP01000303.1,AYLP01000304.1,AYLP01000305.1,AYLP01000306.1,AYLP01000307.1,AYLP01000308.1,AYLP01000309.1,AYLP01000310.1,AYLP01000311.1,AYLP01000312.1,AYLP01000313.1,AYLP01000314.1,AYLP01000315.1,AYLP01000316.1,AYLP01000317.1,AYLP01000318.1,AYLP01000319.1,AYLP01000320.1,AYLP01000321.1,AYLP01000322.1,AYLP01000323.1,AYLP01000324.1,AYLP01000325.1,AYLP01000326.1,AYLP01000327.1,AYLP01000328.1,AYLP01000329.1,AYLP01000330.1,AYLP01000331.1,AYLP01000332.1,AYLP01000333.1,AYLP01000334.1,AYLP01000335.1,AYLP01000336.1,AYLP01000337.1,AYLP01000338.1,AYLP01000339.1,AYLP01000340.1,AYLP01000341.1,AYLP01000342.1,AYLP01000343.1,AYLP01000344.1,AYLP01000345.1,AYLP01000346.1,AYLP01000347.1,AYLP01000348.1,AYLP01000349.1,AYLP01000350.1,AYLP01000351.1,AYLP01000352.1,AYLP01000353.1,AYLP01000354.1,AYLP01000355.1,AYLP01000356.1,AYLP01000357.1,AYLP01000358.1,AYLP01000359.1,AYLP01000360.1,AYLP01000361.1,AYLP01000362.1,AYLP01000363.1,AYLP01000364.1,AYLP01000365.1,AYLP01000366.1,AYLP01000367.1,AYLP01000368.1,AYLP01000369.1,AYLP01000370.1,AYLP01000371.1,AYLP01000372.1,AYLP01000373.1,AYLP01000374.1,AYLP01000375.1,AYLP01000376.1,AYLP01000377.1,AYLP01000378.1,AYLP01000379.1,AYLP01000380.1,AYLP01000381.1,AYLP01000382.1,AYLP01000383.1,AYLP01000384.1,AYLP01000385.1,AYLP01000386.1,AYLP01000387.1,AYLP01000388.1,AYLP01000389.1,AYLP01000390.1,AYLP01000391.1,AYLP01000392.1,AYLP01000393.1,AYLP01000394.1,AYLP01000395.1,AYLP01000396.1,AYLP01000397.1,AYLP01000398.1,AYLP01000399.1,AYLP01000400.1,AYLP01000401.1,AYLP01000402.1,AYLP01000403.1,AYLP01000404.1,AYLP01000405.1,AYLP01000406.1,AYLP01000407.1,AYLP01000408.1,AYLP01000409.1,AYLP01000410.1,AYLP01000411.1,AYLP01000412.1,AYLP01000413.1,AYLP01000414.1,AYLP01000415.1,AYLP01000416.1,AYLP01000417.1,AYLP01000418.1,AYLP01000419.1,AYLP01000420.1,AYLP01000421.1,AYLP01000422.1,AYLP01000423.1,AYLP01000424.1,AYLP01000425.1,AYLP01000426.1,AYLP01000427.1,AYLP01000428.1,AYLP01000429.1,AYLP01000430.1,AYLP01000431.1,AYLP01000432.1,AYLP01000433.1,AYLP01000434.1,AYLP01000435.1,AYLP01000436.1,AYLP01000437.1,AYLP01000438.1,AYLP01000439.1,AYLP01000440.1,AYLP01000441.1,AYLP01000442.1,AYLP01000443.1,AYLP01000444.1,AYLP01000445.1,AYLP01000446.1,AYLP01000447.1,AYLP01000448.1,AYLP01000449.1,AYLP01000450.1,AYLP01000451.1,AYLP01000452.1,AYLP01000453.1,AYLP01000454.1,AYLP01000455.1,AYLP01000456.1,AYLP01000457.1,AYLP01000458.1,AYLP01000459.1,AYLP01000460.1,AYLP01000461.1,AYLP01000462.1,AYLP01000463.1,AYLP01000464.1,AYLP01000465.1,AYLP01000466.1,AYLP01000467.1,AYLP01000468.1,AYLP01000469.1,AYLP01000470.1,AYLP01000471.1,AYLP01000472.1,AYLP01000473.1,AYLP01000474.1,AYLP01000475.1,AYLP01000476.1,AYLP01000477.1,AYLP01000478.1,AYLP01000479.1,AYLP01000480.1,AYLP01000481.1,AYLP01000482.1,AYLP01000483.1,AYLP01000484.1,AYLP01000485.1,AYLP01000486.1,AYLP01000487.1,AYLP01000488.1,AYLP01000489.1,AYLP01000490.1,AYLP01000491.1,AYLP01000492.1,AYLP01000493.1,AYLP01000494.1,AYLP01000495.1,AYLP01000496.1,AYLP01000497.1,AYLP01000498.1,AYLP01000499.1,AYLP01000500.1,AYLP01000501.1,AYLP01000502.1,AYLP01000503.1,AYLP01000504.1,AYLP01000505.1,AYLP01000506.1,AYLP01000507.1,AYLP01000508.1,AYLP01000509.1,AYLP01000510.1,AYLP01000511.1,AYLP01000512.1,AYLP01000513.1,AYLP01000514.1,AYLP01000515.1,AYLP01000516.1,AYLP01000517.1,AYLP01000518.1,AYLP01000519.1,AYLP01000520.1,AYLP01000521.1,AYLP01000522.1,AYLP01000523.1,AYLP01000524.1,AYLP01000525.1,AYLP01000526.1,AYLP01000527.1,AYLP01000528.1,AYLP01000529.1,AYLP01000530.1,AYLP01000531.1,AYLP01000532.1,AYLP01000533.1,AYLP01000534.1,AYLP01000535.1,AYLP01000536.1,AYLP01000537.1,AYLP01000538.1,AYLP01000539.1,AYLP01000540.1,AYLP01000541.1,AYLP01000542.1,AYLP01000543.1,AYLP01000544.1,AYLP01000545.1,AYLP01000546.1,AYLP01000547.1,AYLP01000548.1,AYLP01000549.1,AYLP01000550.1,AYLP01000551.1,AYLP01000552.1,AYLP01000553.1,AYLP01000554.1,AYLP01000555.1,AYLP01000556.1,AYLP01000557.1,AYLP01000558.1,AYLP01000559.1,AYLP01000560.1,AYLP01000561.1,AYLP01000562.1,AYLP01000563.1,AYLP01000564.1,AYLP01000565.1,AYLP01000566.1,AYLP01000567.1,AYLP01000568.1,AYLP01000569.1,AYLP01000570.1,AYLP01000571.1,AYLP01000572.1,AYLP01000573.1,AYLP01000574.1,AYLP01000575.1,AYLP01000576.1,AYLP01000577.1,AYLP01000578.1,AYLP01000579.1,AYLP01000580.1,AYLP01000581.1,AYLP01000582.1,AYLP01000583.1,AYLP01000584.1,AYLP01000585.1,AYLP01000586.1,AYLP01000587.1,AYLP01000588.1,AYLP01000589.1,AYLP01000590.1,AYLP01000591.1,AYLP01000592.1,AYLP01000593.1,AYLP01000594.1,AYLP01000595.1,AYLP01000596.1,AYLP01000597.1,AYLP01000598.1,AYLP01000599.1,AYLP01000600.1,AYLP01000601.1,AYLP01000602.1,AYLP01000603.1,AYLP01000604.1,AYLP01000605.1,AYLP01000606.1,AYLP01000607.1,AYLP01000608.1,AYLP01000609.1,AYLP01000610.1,AYLP01000611.1,AYLP01000612.1,AYLP01000613.1,AYLP01000614.1,AYLP01000615.1,AYLP01000616.1,AYLP01000617.1,AYLP01000618.1,AYLP01000619.1,AYLP01000620.1,AYLP01000621.1,AYLP01000622.1,AYLP01000623.1,AYLP01000624.1,AYLP01000625.1,AYLP01000626.1,AYLP01000627.1,AYLP01000628.1,AYLP01000629.1,AYLP01000630.1,AYLP01000631.1,AYLP01000632.1,AYLP01000633.1,AYLP01000634.1,AYLP01000635.1,AYLP01000636.1,AYLP01000637.1,AYLP01000638.1,AYLP01000639.1,AYLP01000640.1,AYLP01000641.1,AYLP01000642.1,AYLP01000643.1,AYLP01000644.1,AYLP01000645.1,AYLP01000646.1,AYLP01000647.1,AYLP01000648.1,AYLP01000649.1,AYLP01000650.1,AYLP01000651.1,AYLP01000652.1,AYLP01000653.1,AYLP01000654.1,AYLP01000655.1,AYLP01000656.1,AYLP01000657.1,AYLP01000658.1,AYLP01000659.1,AYLP01000660.1,AYLP01000661.1,AYLP01000662.1,AYLP01000663.1,AYLP01000664.1,AYLP01000665.1,AYLP01000666.1,AYLP01000667.1,AYLP01000668.1,AYLP01000669.1,AYLP01000670.1,AYLP01000671.1,AYLP01000672.1,AYLP01000673.1,AYLP01000674.1,AYLP01000675.1,AYLP01000676.1,AYLP01000677.1,AYLP01000678.1,AYLP01000679.1,AYLP01000680.1,AYLP01000681.1,AYLP01000682.1,AYLP01000683.1,AYLP01000684.1,AYLP01000685.1,AYLP01000686.1,AYLP01000687.1,AYLP01000688.1,AYLP01000689.1,AYLP01000690.1,AYLP01000691.1,AYLP01000692.1,AYLP01000693.1,AYLP01000694.1,AYLP01000695.1,AYLP01000696.1,AYLP01000697.1,AYLP01000698.1,AYLP01000699.1,AYLP01000700.1,AYLP01000701.1,AYLP01000702.1,AYLP01000703.1,AYLP01000704.1,AYLP01000705.1,AYLP01000706.1,AYLP01000707.1,AYLP01000708.1,AYLP01000709.1,AYLP01000710.1,AYLP01000711.1,AYLP01000712.1,AYLP01000713.1,AYLP01000714.1,AYLP01000715.1,AYLP01000716.1,AYLP01000717.1,AYLP01000718.1,AYLP01000719.1,AYLP01000720.1,AYLP01000721.1,AYLP01000722.1,AYLP01000723.1,AYLP01000724.1,AYLP01000725.1,AYLP01000726.1,AYLP01000727.1,AYLP01000728.1,AYLP01000729.1,AYLP01000730.1,AYLP01000731.1,AYLP01000732.1,AYLP01000733.1,AYLP01000734.1,AYLP01000735.1,AYLP01000736.1,AYLP01000737.1,AYLP01000738.1,AYLP01000739.1,AYLP01000740.1,AYLP01000741.1,AYLP01000742.1,AYLP01000743.1,AYLP01000744.1,AYLP01000745.1,AYLP01000746.1,AYLP01000747.1,AYLP01000748.1,AYLP01000749.1,AYLP01000750.1,AYLP01000751.1,AYLP01000752.1,AYLP01000753.1,AYLP01000754.1,AYLP01000755.1,AYLP01000756.1,AYLP01000757.1,AYLP01000758.1,AYLP01000759.1,AYLP01000760.1,AYLP01000761.1,AYLP01000762.1,AYLP01000763.1,AYLP01000764.1,AYLP01000765.1,AYLP01000766.1,AYLP01000767.1,AYLP01000768.1,AYLP01000769.1,AYLP01000770.1,AYLP01000771.1,AYLP01000772.1,AYLP01000773.1,AYLP01000774.1,AYLP01000775.1,AYLP01000776.1,AYLP01000777.1,AYLP01000778.1,AYLP01000779.1,AYLP01000780.1,AYLP01000781.1,AYLP01000782.1,AYLP01000783.1,AYLP01000784.1,AYLP01000785.1,AYLP01000786.1,AYLP01000787.1,AYLP01000788.1,AYLP01000789.1,AYLP01000790.1,AYLP01000791.1,AYLP01000792.1,AYLP01000793.1,AYLP01000794.1,AYLP01000795.1,AYLP01000796.1,AYLP01000797.1,AYLP01000798.1,AYLP01000799.1,AYLP01000800.1,AYLP01000801.1,AYLP01000802.1,AYLP01000803.1,AYLP01000804.1,AYLP01000805.1,AYLP01000806.1,AYLP01000807.1,AYLP01000808.1,AYLP01000809.1,AYLP01000810.1,AYLP01000811.1,AYLP01000812.1,AYLP01000813.1,AYLP01000814.1,AYLP01000815.1,AYLP01000816.1,AYLP01000817.1,AYLP01000818.1,AYLP01000819.1,AYLP01000820.1,AYLP01000821.1,AYLP01000822.1,AYLP01000823.1,AYLP01000824.1,AYLP01000825.1,AYLP01000826.1,AYLP01000827.1,AYLP01000828.1,AYLP01000829.1,AYLP01000830.1,AYLP01000831.1,AYLP01000832.1,AYLP01000833.1,AYLP01000834.1,AYLP01000835.1,AYLP01000836.1,AYLP01000837.1,AYLP01000838.1,AYLP01000839.1,AYLP01000840.1,AYLP01000841.1,AYLP01000842.1,AYLP01000843.1,AYLP01000844.1,AYLP01000845.1,AYLP01000846.1,AYLP01000847.1,AYLP01000848.1,AYLP01000849.1,AYLP01000850.1,AYLP01000851.1,AYLP01000852.1,AYLP01000853.1,AYLP01000854.1,AYLP01000855.1,AYLP01000856.1,AYLP01000857.1,AYLP01000858.1,AYLP01000859.1,AYLP01000860.1,AYLP01000861.1,AYLP01000862.1,AYLP01000863.1,AYLP01000864.1,AYLP01000865.1,AYLP01000866.1,AYLP01000867.1,AYLP01000868.1,AYLP01000869.1,AYLP01000870.1,AYLP01000871.1,AYLP01000872.1,AYLP01000873.1,AYLP01000874.1,AYLP01000875.1,AYLP01000876.1,AYLP01000877.1,AYLP01000878.1,AYLP01000879.1,AYLP01000880.1,AYLP01000881.1,AYLP01000882.1,AYLP01000883.1,AYLP01000884.1,AYLP01000885.1,AYLP01000886.1,AYLP01000887.1,AYLP01000888.1,AYLP01000889.1,AYLP01000890.1,AYLP01000891.1,AYLP01000892.1,AYLP01000893.1,AYLP01000894.1,AYLP01000895.1,AYLP01000896.1,AYLP01000897.1,AYLP01000898.1,AYLP01000899.1,AYLP01000900.1,AYLP01000901.1,AYLP01000902.1,AYLP01000903.1,AYLP01000904.1,AYLP01000905.1,AYLP01000906.1,AYLP01000907.1,AYLP01000908.1,AYLP01000909.1,AYLP01000910.1,AYLP01000911.1,AYLP01000912.1,AYLP01000913.1,AYLP01000914.1,AYLP01000915.1,AYLP01000916.1,AYLP01000917.1,AYLP01000918.1,AYLP01000919.1,AYLP01000920.1,AYLP01000921.1,AYLP01000922.1,AYLP01000923.1,AYLP01000924.1,AYLP01000925.1,AYLP01000926.1,AYLP01000927.1,AYLP01000928.1,AYLP01000929.1,AYLP01000930.1,AYLP01000931.1,AYLP01000932.1,AYLP01000933.1,AYLP01000934.1,AYLP01000935.1,AYLP01000936.1,AYLP01000937.1,AYLP01000938.1,AYLP01000939.1,AYLP01000940.1,AYLP01000941.1,AYLP01000942.1,AYLP01000943.1,AYLP01000944.1,AYLP01000945.1,AYLP01000946.1,AYLP01000947.1,AYLP01000948.1,AYLP01000949.1,AYLP01000950.1,AYLP01000951.1,AYLP01000952.1,AYLP01000953.1,AYLP01000954.1,AYLP01000955.1,AYLP01000956.1,AYLP01000957.1,AYLP01000958.1,AYLP01000959.1,AYLP01000960.1,AYLP01000961.1,AYLP01000962.1,AYLP01000963.1,AYLP01000964.1,AYLP01000965.1,AYLP01000966.1,AYLP01000967.1,AYLP01000968.1,AYLP01000969.1,AYLP01000970.1,AYLP01000971.1,AYLP01000972.1,AYLP01000973.1,AYLP01000974.1,AYLP01000975.1,AYLP01000976.1,AYLP01000977.1,AYLP01000978.1,AYLP01000979.1,AYLP01000980.1,AYLP01000981.1,AYLP01000982.1,AYLP01000983.1,AYLP01000984.1,AYLP01000985.1,AYLP01000986.1,AYLP01000987.1,AYLP01000988.1,AYLP01000989.1,AYLP01000990.1,AYLP01000991.1,AYLP01000992.1,AYLP01000993.1,AYLP01000994.1,AYLP01000995.1,AYLP01000996.1,AYLP01000997.1,AYLP01000998.1,AYLP01000999.1,AYLP01001000.1,AYLP01001001.1,AYLP01001002.1,AYLP01001003.1,AYLP01001004.1,AYLP01001005.1,AYLP01001006.1,AYLP01001007.1,AYLP01001008.1,AYLP01001009.1,AYLP01001010.1,AYLP01001011.1,AYLP01001012.1,AYLP01001013.1,AYLP01001014.1,AYLP01001015.1,AYLP01001016.1,AYLP01001017.1,AYLP01001018.1,AYLP01001019.1,AYLP01001020.1,AYLP01001021.1,AYLP01001022.1,AYLP01001023.1,AYLP01001024.1,AYLP01001025.1,AYLP01001026.1,AYLP01001027.1,AYLP01001028.1,AYLP01001029.1,AYLP01001030.1,AYLP01001031.1,AYLP01001032.1,AYLP01001033.1,AYLP01001034.1,AYLP01001035.1,AYLP01001036.1,AYLP01001037.1,AYLP01001038.1,AYLP01001039.1,AYLP01001040.1,AYLP01001041.1,AYLP01001042.1,AYLP01001043.1,AYLP01001044.1,AYLP01001045.1,AYLP01001046.1,AYLP01001047.1,AYLP01001048.1,AYLP01001049.1,AYLP01001050.1,AYLP01001051.1,AYLP01001052.1,AYLP01001053.1,AYLP01001054.1,AYLP01001055.1,AYLP01001056.1,AYLP01001057.1,AYLP01001058.1,AYLP01001059.1,AYLP01001060.1,AYLP01001061.1,AYLP01001062.1,AYLP01001063.1,AYLP01001064.1,AYLP01001065.1,AYLP01001066.1,AYLP01001067.1,AYLP01001068.1,AYLP01001069.1,AYLP01001070.1,AYLP01001071.1,AYLP01001072.1,AYLP01001073.1,AYLP01001074.1,AYLP01001075.1,AYLP01001076.1,AYLP01001077.1,AYLP01001078.1,AYLP01001079.1,AYLP01001080.1,AYLP01001081.1,AYLP01001082.1,AYLP01001083.1,AYLP01001084.1,AYLP01001085.1,AYLP01001086.1,AYLP01001087.1,AYLP01001088.1,AYLP01001089.1,AYLP01001090.1,AYLP01001091.1,AYLP01001092.1,AYLP01001093.1,AYLP01001094.1,AYLP01001095.1,AYLP01001096.1,AYLP01001097.1,AYLP01001098.1,AYLP01001099.1,AYLP01001100.1,AYLP01001101.1,AYLP01001102.1,AYLP01001103.1,AYLP01001104.1,AYLP01001105.1,AYLP01001106.1,AYLP01001107.1,AYLP01001108.1,AYLP01001109.1,AYLP01001110.1,AYLP01001111.1,AYLP01001112.1,AYLP01001113.1,AYLP01001114.1,AYLP01001115.1,AYLP01001116.1,AYLP01001117.1,AYLP01001118.1,AYLP01001119.1,AYLP01001120.1,AYLP01001121.1,AYLP01001122.1,AYLP01001123.1,AYLP01001124.1,AYLP01001125.1,AYLP01001126.1,AYLP01001127.1,AYLP01001128.1,AYLP01001129.1,AYLP01001130.1,AYLP01001131.1,AYLP01001132.1,AYLP01001133.1,AYLP01001134.1,AYLP01001135.1,AYLP01001136.1,AYLP01001137.1,AYLP01001138.1,AYLP01001139.1,AYLP01001140.1,AYLP01001141.1,AYLP01001142.1,AYLP01001143.1,AYLP01001144.1,AYLP01001145.1,AYLP01001146.1,AYLP01001147.1,AYLP01001148.1,AYLP01001149.1,AYLP01001150.1,AYLP01001151.1,AYLP01001152.1,AYLP01001153.1,AYLP01001154.1,AYLP01001155.1,AYLP01001156.1,AYLP01001157.1,AYLP01001158.1,AYLP01001159.1,AYLP01001160.1,AYLP01001161.1,AYLP01001162.1,AYLP01001163.1,AYLP01001164.1,AYLP01001165.1,AYLP01001166.1,AYLP01001167.1,AYLP01001168.1,AYLP01001169.1,AYLP01001170.1,AYLP01001171.1,AYLP01001172.1,AYLP01001173.1,AYLP01001174.1,AYLP01001175.1,AYLP01001176.1,AYLP01001177.1,AYLP01001178.1,AYLP01001179.1,AYLP01001180.1,AYLP01001181.1,AYLP01001182.1,AYLP01001183.1,AYLP01001184.1,AYLP01001185.1,AYLP01001186.1,AYLP01001187.1,AYLP01001188.1,AYLP01001189.1,AYLP01001190.1,AYLP01001191.1,AYLP01001192.1,AYLP01001193.1,AYLP01001194.1,AYLP01001195.1,AYLP01001196.1,AYLP01001197.1,AYLP01001198.1,AYLP01001199.1,AYLP01001200.1,AYLP01001201.1,AYLP01001202.1,AYLP01001203.1,AYLP01001204.1,AYLP01001205.1,AYLP01001206.1,AYLP01001207.1,AYLP01001208.1,AYLP01001209.1,AYLP01001210.1
iIS312_Amastigote.json	pmid:	GCA_000496795.1	AYLP01000001.1,AYLP01000002.1,AYLP01000003.1,AYLP01000004.1,AYLP01000005.1,AYLP01000006.1,AYLP01000007.1,AYLP01000008.1,AYLP01000009.1,AYLP01000010.1,AYLP01000011.1,AYLP01000012.1,AYLP01000013.1,AYLP01000014.1,AYLP01000015.1,AYLP01000016.1,AYLP01000017.1,AYLP01000018.1,AYLP01000019.1,AYLP01000020.1,AYLP01000021.1,AYLP01000022.1,AYLP01000023.1,AYLP01000024.1,AYLP01000025.1,AYLP01000026.1,AYLP01000027.1,AYLP01000028.1,AYLP01000029.1,AYLP01000030.1,AYLP01000031.1,AYLP01000032.1,AYLP01000033.1,AYLP01000034.1,AYLP01000035.1,AYLP01000036.1,AYLP01000037.1,AYLP01000038.1,AYLP01000039.1,AYLP01000040.1,AYLP01000041.1,AYLP01000042.1,AYLP01000043.1,AYLP01000044.1,AYLP01000045.1,AYLP01000046.1,AYLP01000047.1,AYLP01000048.1,AYLP01000049.1,AYLP01000050.1,AYLP01000051.1,AYLP01000052.1,AYLP01000053.1,AYLP01000054.1,AYLP01000055.1,AYLP01000056.1,AYLP01000057.1,AYLP01000058.1,AYLP01000059.1,AYLP01000060.1,AYLP01000061.1,AYLP01000062.1,AYLP01000063.1,AYLP01000064.1,AYLP01000065.1,AYLP01000066.1,AYLP01000067.1,AYLP01000068.1,AYLP01000069.1,AYLP01000070.1,AYLP01000071.1,AYLP01000072.1,AYLP01000073.1,AYLP01000074.1,AYLP01000075.1,AYLP01000076.1,AYLP01000077.1,AYLP01000078.1,AYLP01000079.1,AYLP01000080.1,AYLP01000081.1,AYLP01000082.1,AYLP01000083.1,AYLP01000084.1,AYLP01000085.1,AYLP01000086.1,AYLP01000087.1,AYLP01000088.1,AYLP01000089.1,AYLP01000090.1,AYLP01000091.1,AYLP01000092.1,AYLP01000093.1,AYLP01000094.1,AYLP01000095.1,AYLP01000096.1,AYLP01000097.1,AYLP01000098.1,AYLP01000099.1,AYLP01000100.1,AYLP01000101.1,AYLP01000102.1,AYLP01000103.1,AYLP01000104.1,AYLP01000105.1,AYLP01000106.1,AYLP01000107.1,AYLP01000108.1,AYLP01000109.1,AYLP01000110.1,AYLP01000111.1,AYLP01000112.1,AYLP01000113.1,AYLP01000114.1,AYLP01000115.1,AYLP01000116.1,AYLP01000117.1,AYLP01000118.1,AYLP01000119.1,AYLP01000120.1,AYLP01000121.1,AYLP01000122.1,AYLP01000123.1,AYLP01000124.1,AYLP01000125.1,AYLP01000126.1,AYLP01000127.1,AYLP01000128.1,AYLP01000129.1,AYLP01000130.1,AYLP01000131.1,AYLP01000132.1,AYLP01000133.1,AYLP01000134.1,AYLP01000135.1,AYLP01000136.1,AYLP01000137.1,AYLP01000138.1,AYLP01000139.1,AYLP01000140.1,AYLP01000141.1,AYLP01000142.1,AYLP01000143.1,AYLP01000144.1,AYLP01000145.1,AYLP01000146.1,AYLP01000147.1,AYLP01000148.1,AYLP01000149.1,AYLP01000150.1,AYLP01000151.1,AYLP01000152.1,AYLP01000153.1,AYLP01000154.1,AYLP01000155.1,AYLP01000156.1,AYLP01000157.1,AYLP01000158.1,AYLP01000159.1,AYLP01000160.1,AYLP01000161.1,AYLP01000162.1,AYLP01000163.1,AYLP01000164.1,AYLP01000165.1,AYLP01000166.1,AYLP01000167.1,AYLP01000168.1,AYLP01000169.1,AYLP01000170.1,AYLP01000171.1,AYLP01000172.1,AYLP01000173.1,AYLP01000174.1,AYLP01000175.1,AYLP01000176.1,AYLP01000177.1,AYLP01000178.1,AYLP01000179.1,AYLP01000180.1,AYLP01000181.1,AYLP01000182.1,AYLP01000183.1,AYLP01000184.1,AYLP01000185.1,AYLP01000186.1,AYLP01000187.1,AYLP01000188.1,AYLP01000189.1,AYLP01000190.1,AYLP01000191.1,AYLP01000192.1,AYLP01000193.1,AYLP01000194.1,AYLP01000195.1,AYLP01000196.1,AYLP01000197.1,AYLP01000198.1,AYLP01000199.1,AYLP01000200.1,AYLP01000201.1,AYLP01000202.1,AYLP01000203.1,AYLP01000204.1,AYLP01000205.1,AYLP01000206.1,AYLP01000207.1,AYLP01000208.1,AYLP01000209.1,AYLP01000210.1,AYLP01000211.1,AYLP01000212.1,AYLP01000213.1,AYLP01000214.1,AYLP01000215.1,AYLP01000216.1,AYLP01000217.1,AYLP01000218.1,AYLP01000219.1,AYLP01000220.1,AYLP01000221.1,AYLP01000222.1,AYLP01000223.1,AYLP01000224.1,AYLP01000225.1,AYLP01000226.1,AYLP01000227.1,AYLP01000228.1,AYLP01000229.1,AYLP01000230.1,AYLP01000231.1,AYLP01000232.1,AYLP01000233.1,AYLP01000234.1,AYLP01000235.1,AYLP01000236.1,AYLP01000237.1,AYLP01000238.1,AYLP01000239.1,AYLP01000240.1,AYLP01000241.1,AYLP01000242.1,AYLP01000243.1,AYLP01000244.1,AYLP01000245.1,AYLP01000246.1,AYLP01000247.1,AYLP01000248.1,AYLP01000249.1,AYLP01000250.1,AYLP01000251.1,AYLP01000252.1,AYLP01000253.1,AYLP01000254.1,AYLP01000255.1,AYLP01000256.1,AYLP01000257.1,AYLP01000258.1,AYLP01000259.1,AYLP01000260.1,AYLP01000261.1,AYLP01000262.1,AYLP01000263.1,AYLP01000264.1,AYLP01000265.1,AYLP01000266.1,AYLP01000267.1,AYLP01000268.1,AYLP01000269.1,AYLP01000270.1,AYLP01000271.1,AYLP01000272.1,AYLP01000273.1,AYLP01000274.1,AYLP01000275.1,AYLP01000276.1,AYLP01000277.1,AYLP01000278.1,AYLP01000279.1,AYLP01000280.1,AYLP01000281.1,AYLP01000282.1,AYLP01000283.1,AYLP01000284.1,AYLP01000285.1,AYLP01000286.1,AYLP01000287.1,AYLP01000288.1,AYLP01000289.1,AYLP01000290.1,AYLP01000291.1,AYLP01000292.1,AYLP01000293.1,AYLP01000294.1,AYLP01000295.1,AYLP01000296.1,AYLP01000297.1,AYLP01000298.1,AYLP01000299.1,AYLP01000300.1,AYLP01000301.1,AYLP01000302.1,AYLP01000303.1,AYLP01000304.1,AYLP01000305.1,AYLP01000306.1,AYLP01000307.1,AYLP01000308.1,AYLP01000309.1,AYLP01000310.1,AYLP01000311.1,AYLP01000312.1,AYLP01000313.1,AYLP01000314.1,AYLP01000315.1,AYLP01000316.1,AYLP01000317.1,AYLP01000318.1,AYLP01000319.1,AYLP01000320.1,AYLP01000321.1,AYLP01000322.1,AYLP01000323.1,AYLP01000324.1,AYLP01000325.1,AYLP01000326.1,AYLP01000327.1,AYLP01000328.1,AYLP01000329.1,AYLP01000330.1,AYLP01000331.1,AYLP01000332.1,AYLP01000333.1,AYLP01000334.1,AYLP01000335.1,AYLP01000336.1,AYLP01000337.1,AYLP01000338.1,AYLP01000339.1,AYLP01000340.1,AYLP01000341.1,AYLP01000342.1,AYLP01000343.1,AYLP01000344.1,AYLP01000345.1,AYLP01000346.1,AYLP01000347.1,AYLP01000348.1,AYLP01000349.1,AYLP01000350.1,AYLP01000351.1,AYLP01000352.1,AYLP01000353.1,AYLP01000354.1,AYLP01000355.1,AYLP01000356.1,AYLP01000357.1,AYLP01000358.1,AYLP01000359.1,AYLP01000360.1,AYLP01000361.1,AYLP01000362.1,AYLP01000363.1,AYLP01000364.1,AYLP01000365.1,AYLP01000366.1,AYLP01000367.1,AYLP01000368.1,AYLP01000369.1,AYLP01000370.1,AYLP01000371.1,AYLP01000372.1,AYLP01000373.1,AYLP01000374.1,AYLP01000375.1,AYLP01000376.1,AYLP01000377.1,AYLP01000378.1,AYLP01000379.1,AYLP01000380.1,AYLP01000381.1,AYLP01000382.1,AYLP01000383.1,AYLP01000384.1,AYLP01000385.1,AYLP01000386.1,AYLP01000387.1,AYLP01000388.1,AYLP01000389.1,AYLP01000390.1,AYLP01000391.1,AYLP01000392.1,AYLP01000393.1,AYLP01000394.1,AYLP01000395.1,AYLP01000396.1,AYLP01000397.1,AYLP01000398.1,AYLP01000399.1,AYLP01000400.1,AYLP01000401.1,AYLP01000402.1,AYLP01000403.1,AYLP01000404.1,AYLP01000405.1,AYLP01000406.1,AYLP01000407.1,AYLP01000408.1,AYLP01000409.1,AYLP01000410.1,AYLP01000411.1,AYLP01000412.1,AYLP01000413.1,AYLP01000414.1,AYLP01000415.1,AYLP01000416.1,AYLP01000417.1,AYLP01000418.1,AYLP01000419.1,AYLP01000420.1,AYLP01000421.1,AYLP01000422.1,AYLP01000423.1,AYLP01000424.1,AYLP01000425.1,AYLP01000426.1,AYLP01000427.1,AYLP01000428.1,AYLP01000429.1,AYLP01000430.1,AYLP01000431.1,AYLP01000432.1,AYLP01000433.1,AYLP01000434.1,AYLP01000435.1,AYLP01000436.1,AYLP01000437.1,AYLP01000438.1,AYLP01000439.1,AYLP01000440.1,AYLP01000441.1,AYLP01000442.1,AYLP01000443.1,AYLP01000444.1,AYLP01000445.1,AYLP01000446.1,AYLP01000447.1,AYLP01000448.1,AYLP01000449.1,AYLP01000450.1,AYLP01000451.1,AYLP01000452.1,AYLP01000453.1,AYLP01000454.1,AYLP01000455.1,AYLP01000456.1,AYLP01000457.1,AYLP01000458.1,AYLP01000459.1,AYLP01000460.1,AYLP01000461.1,AYLP01000462.1,AYLP01000463.1,AYLP01000464.1,AYLP01000465.1,AYLP01000466.1,AYLP01000467.1,AYLP01000468.1,AYLP01000469.1,AYLP01000470.1,AYLP01000471.1,AYLP01000472.1,AYLP01000473.1,AYLP01000474.1,AYLP01000475.1,AYLP01000476.1,AYLP01000477.1,AYLP01000478.1,AYLP01000479.1,AYLP01000480.1,AYLP01000481.1,AYLP01000482.1,AYLP01000483.1,AYLP01000484.1,AYLP01000485.1,AYLP01000486.1,AYLP01000487.1,AYLP01000488.1,AYLP01000489.1,AYLP01000490.1,AYLP01000491.1,AYLP01000492.1,AYLP01000493.1,AYLP01000494.1,AYLP01000495.1,AYLP01000496.1,AYLP01000497.1,AYLP01000498.1,AYLP01000499.1,AYLP01000500.1,AYLP01000501.1,AYLP01000502.1,AYLP01000503.1,AYLP01000504.1,AYLP01000505.1,AYLP01000506.1,AYLP01000507.1,AYLP01000508.1,AYLP01000509.1,AYLP01000510.1,AYLP01000511.1,AYLP01000512.1,AYLP01000513.1,AYLP01000514.1,AYLP01000515.1,AYLP01000516.1,AYLP01000517.1,AYLP01000518.1,AYLP01000519.1,AYLP01000520.1,AYLP01000521.1,AYLP01000522.1,AYLP01000523.1,AYLP01000524.1,AYLP01000525.1,AYLP01000526.1,AYLP01000527.1,AYLP01000528.1,AYLP01000529.1,AYLP01000530.1,AYLP01000531.1,AYLP01000532.1,AYLP01000533.1,AYLP01000534.1,AYLP01000535.1,AYLP01000536.1,AYLP01000537.1,AYLP01000538.1,AYLP01000539.1,AYLP01000540.1,AYLP01000541.1,AYLP01000542.1,AYLP01000543.1,AYLP01000544.1,AYLP01000545.1,AYLP01000546.1,AYLP01000547.1,AYLP01000548.1,AYLP01000549.1,AYLP01000550.1,AYLP01000551.1,AYLP01000552.1,AYLP01000553.1,AYLP01000554.1,AYLP01000555.1,AYLP01000556.1,AYLP01000557.1,AYLP01000558.1,AYLP01000559.1,AYLP01000560.1,AYLP01000561.1,AYLP01000562.1,AYLP01000563.1,AYLP01000564.1,AYLP01000565.1,AYLP01000566.1,AYLP01000567.1,AYLP01000568.1,AYLP01000569.1,AYLP01000570.1,AYLP01000571.1,AYLP01000572.1,AYLP01000573.1,AYLP01000574.1,AYLP01000575.1,AYLP01000576.1,AYLP01000577.1,AYLP01000578.1,AYLP01000579.1,AYLP01000580.1,AYLP01000581.1,AYLP01000582.1,AYLP01000583.1,AYLP01000584.1,AYLP01000585.1,AYLP01000586.1,AYLP01000587.1,AYLP01000588.1,AYLP01000589.1,AYLP01000590.1,AYLP01000591.1,AYLP01000592.1,AYLP01000593.1,AYLP01000594.1,AYLP01000595.1,AYLP01000596.1,AYLP01000597.1,AYLP01000598.1,AYLP01000599.1,AYLP01000600.1,AYLP01000601.1,AYLP01000602.1,AYLP01000603.1,AYLP01000604.1,AYLP01000605.1,AYLP01000606.1,AYLP01000607.1,AYLP01000608.1,AYLP01000609.1,AYLP01000610.1,AYLP01000611.1,AYLP01000612.1,AYLP01000613.1,AYLP01000614.1,AYLP01000615.1,AYLP01000616.1,AYLP01000617.1,AYLP01000618.1,AYLP01000619.1,AYLP01000620.1,AYLP01000621.1,AYLP01000622.1,AYLP01000623.1,AYLP01000624.1,AYLP01000625.1,AYLP01000626.1,AYLP01000627.1,AYLP01000628.1,AYLP01000629.1,AYLP01000630.1,AYLP01000631.1,AYLP01000632.1,AYLP01000633.1,AYLP01000634.1,AYLP01000635.1,AYLP01000636.1,AYLP01000637.1,AYLP01000638.1,AYLP01000639.1,AYLP01000640.1,AYLP01000641.1,AYLP01000642.1,AYLP01000643.1,AYLP01000644.1,AYLP01000645.1,AYLP01000646.1,AYLP01000647.1,AYLP01000648.1,AYLP01000649.1,AYLP01000650.1,AYLP01000651.1,AYLP01000652.1,AYLP01000653.1,AYLP01000654.1,AYLP01000655.1,AYLP01000656.1,AYLP01000657.1,AYLP01000658.1,AYLP01000659.1,AYLP01000660.1,AYLP01000661.1,AYLP01000662.1,AYLP01000663.1,AYLP01000664.1,AYLP01000665.1,AYLP01000666.1,AYLP01000667.1,AYLP01000668.1,AYLP01000669.1,AYLP01000670.1,AYLP01000671.1,AYLP01000672.1,AYLP01000673.1,AYLP01000674.1,AYLP01000675.1,AYLP01000676.1,AYLP01000677.1,AYLP01000678.1,AYLP01000679.1,AYLP01000680.1,AYLP01000681.1,AYLP01000682.1,AYLP01000683.1,AYLP01000684.1,AYLP01000685.1,AYLP01000686.1,AYLP01000687.1,AYLP01000688.1,AYLP01000689.1,AYLP01000690.1,AYLP01000691.1,AYLP01000692.1,AYLP01000693.1,AYLP01000694.1,AYLP01000695.1,AYLP01000696.1,AYLP01000697.1,AYLP01000698.1,AYLP01000699.1,AYLP01000700.1,AYLP01000701.1,AYLP01000702.1,AYLP01000703.1,AYLP01000704.1,AYLP01000705.1,AYLP01000706.1,AYLP01000707.1,AYLP01000708.1,AYLP01000709.1,AYLP01000710.1,AYLP01000711.1,AYLP01000712.1,AYLP01000713.1,AYLP01000714.1,AYLP01000715.1,AYLP01000716.1,AYLP01000717.1,AYLP01000718.1,AYLP01000719.1,AYLP01000720.1,AYLP01000721.1,AYLP01000722.1,AYLP01000723.1,AYLP01000724.1,AYLP01000725.1,AYLP01000726.1,AYLP01000727.1,AYLP01000728.1,AYLP01000729.1,AYLP01000730.1,AYLP01000731.1,AYLP01000732.1,AYLP01000733.1,AYLP01000734.1,AYLP01000735.1,AYLP01000736.1,AYLP01000737.1,AYLP01000738.1,AYLP01000739.1,AYLP01000740.1,AYLP01000741.1,AYLP01000742.1,AYLP01000743.1,AYLP01000744.1,AYLP01000745.1,AYLP01000746.1,AYLP01000747.1,AYLP01000748.1,AYLP01000749.1,AYLP01000750.1,AYLP01000751.1,AYLP01000752.1,AYLP01000753.1,AYLP01000754.1,AYLP01000755.1,AYLP01000756.1,AYLP01000757.1,AYLP01000758.1,AYLP01000759.1,AYLP01000760.1,AYLP01000761.1,AYLP01000762.1,AYLP01000763.1,AYLP01000764.1,AYLP01000765.1,AYLP01000766.1,AYLP01000767.1,AYLP01000768.1,AYLP01000769.1,AYLP01000770.1,AYLP01000771.1,AYLP01000772.1,AYLP01000773.1,AYLP01000774.1,AYLP01000775.1,AYLP01000776.1,AYLP01000777.1,AYLP01000778.1,AYLP01000779.1,AYLP01000780.1,AYLP01000781.1,AYLP01000782.1,AYLP01000783.1,AYLP01000784.1,AYLP01000785.1,AYLP01000786.1,AYLP01000787.1,AYLP01000788.1,AYLP01000789.1,AYLP01000790.1,AYLP01000791.1,AYLP01000792.1,AYLP01000793.1,AYLP01000794.1,AYLP01000795.1,AYLP01000796.1,AYLP01000797.1,AYLP01000798.1,AYLP01000799.1,AYLP01000800.1,AYLP01000801.1,AYLP01000802.1,AYLP01000803.1,AYLP01000804.1,AYLP01000805.1,AYLP01000806.1,AYLP01000807.1,AYLP01000808.1,AYLP01000809.1,AYLP01000810.1,AYLP01000811.1,AYLP01000812.1,AYLP01000813.1,AYLP01000814.1,AYLP01000815.1,AYLP01000816.1,AYLP01000817.1,AYLP01000818.1,AYLP01000819.1,AYLP01000820.1,AYLP01000821.1,AYLP01000822.1,AYLP01000823.1,AYLP01000824.1,AYLP01000825.1,AYLP01000826.1,AYLP01000827.1,AYLP01000828.1,AYLP01000829.1,AYLP01000830.1,AYLP01000831.1,AYLP01000832.1,AYLP01000833.1,AYLP01000834.1,AYLP01000835.1,AYLP01000836.1,AYLP01000837.1,AYLP01000838.1,AYLP01000839.1,AYLP01000840.1,AYLP01000841.1,AYLP01000842.1,AYLP01000843.1,AYLP01000844.1,AYLP01000845.1,AYLP01000846.1,AYLP01000847.1,AYLP01000848.1,AYLP01000849.1,AYLP01000850.1,AYLP01000851.1,AYLP01000852.1,AYLP01000853.1,AYLP01000854.1,AYLP01000855.1,AYLP01000856.1,AYLP01000857.1,AYLP01000858.1,AYLP01000859.1,AYLP01000860.1,AYLP01000861.1,AYLP01000862.1,AYLP01000863.1,AYLP01000864.1,AYLP01000865.1,AYLP01000866.1,AYLP01000867.1,AYLP01000868.1,AYLP01000869.1,AYLP01000870.1,AYLP01000871.1,AYLP01000872.1,AYLP01000873.1,AYLP01000874.1,AYLP01000875.1,AYLP01000876.1,AYLP01000877.1,AYLP01000878.1,AYLP01000879.1,AYLP01000880.1,AYLP01000881.1,AYLP01000882.1,AYLP01000883.1,AYLP01000884.1,AYLP01000885.1,AYLP01000886.1,AYLP01000887.1,AYLP01000888.1,AYLP01000889.1,AYLP01000890.1,AYLP01000891.1,AYLP01000892.1,AYLP01000893.1,AYLP01000894.1,AYLP01000895.1,AYLP01000896.1,AYLP01000897.1,AYLP01000898.1,AYLP01000899.1,AYLP01000900.1,AYLP01000901.1,AYLP01000902.1,AYLP01000903.1,AYLP01000904.1,AYLP01000905.1,AYLP01000906.1,AYLP01000907.1,AYLP01000908.1,AYLP01000909.1,AYLP01000910.1,AYLP01000911.1,AYLP01000912.1,AYLP01000913.1,AYLP01000914.1,AYLP01000915.1,AYLP01000916.1,AYLP01000917.1,AYLP01000918.1,AYLP01000919.1,AYLP01000920.1,AYLP01000921.1,AYLP01000922.1,AYLP01000923.1,AYLP01000924.1,AYLP01000925.1,AYLP01000926.1,AYLP01000927.1,AYLP01000928.1,AYLP01000929.1,AYLP01000930.1,AYLP01000931.1,AYLP01000932.1,AYLP01000933.1,AYLP01000934.1,AYLP01000935.1,AYLP01000936.1,AYLP01000937.1,AYLP01000938.1,AYLP01000939.1,AYLP01000940.1,AYLP01000941.1,AYLP01000942.1,AYLP01000943.1,AYLP01000944.1,AYLP01000945.1,AYLP01000946.1,AYLP01000947.1,AYLP01000948.1,AYLP01000949.1,AYLP01000950.1,AYLP01000951.1,AYLP01000952.1,AYLP01000953.1,AYLP01000954.1,AYLP01000955.1,AYLP01000956.1,AYLP01000957.1,AYLP01000958.1,AYLP01000959.1,AYLP01000960.1,AYLP01000961.1,AYLP01000962.1,AYLP01000963.1,AYLP01000964.1,AYLP01000965.1,AYLP01000966.1,AYLP01000967.1,AYLP01000968.1,AYLP01000969.1,AYLP01000970.1,AYLP01000971.1,AYLP01000972.1,AYLP01000973.1,AYLP01000974.1,AYLP01000975.1,AYLP01000976.1,AYLP01000977.1,AYLP01000978.1,AYLP01000979.1,AYLP01000980.1,AYLP01000981.1,AYLP01000982.1,AYLP01000983.1,AYLP01000984.1,AYLP01000985.1,AYLP01000986.1,AYLP01000987.1,AYLP01000988.1,AYLP01000989.1,AYLP01000990.1,AYLP01000991.1,AYLP01000992.1,AYLP01000993.1,AYLP01000994.1,AYLP01000995.1,AYLP01000996.1,AYLP01000997.1,AYLP01000998.1,AYLP01000999.1,AYLP01001000.1,AYLP01001001.1,AYLP01001002.1,AYLP01001003.1,AYLP01001004.1,AYLP01001005.1,AYLP01001006.1,AYLP01001007.1,AYLP01001008.1,AYLP01001009.1,AYLP01001010.1,AYLP01001011.1,AYLP01001012.1,AYLP01001013.1,AYLP01001014.1,AYLP01001015.1,AYLP01001016.1,AYLP01001017.1,AYLP01001018.1,AYLP01001019.1,AYLP01001020.1,AYLP01001021.1,AYLP01001022.1,AYLP01001023.1,AYLP01001024.1,AYLP01001025.1,AYLP01001026.1,AYLP01001027.1,AYLP01001028.1,AYLP01001029.1,AYLP01001030.1,AYLP01001031.1,AYLP01001032.1,AYLP01001033.1,AYLP01001034.1,AYLP01001035.1,AYLP01001036.1,AYLP01001037.1,AYLP01001038.1,AYLP01001039.1,AYLP01001040.1,AYLP01001041.1,AYLP01001042.1,AYLP01001043.1,AYLP01001044.1,AYLP01001045.1,AYLP01001046.1,AYLP01001047.1,AYLP01001048.1,AYLP01001049.1,AYLP01001050.1,AYLP01001051.1,AYLP01001052.1,AYLP01001053.1,AYLP01001054.1,AYLP01001055.1,AYLP01001056.1,AYLP01001057.1,AYLP01001058.1,AYLP01001059.1,AYLP01001060.1,AYLP01001061.1,AYLP01001062.1,AYLP01001063.1,AYLP01001064.1,AYLP01001065.1,AYLP01001066.1,AYLP01001067.1,AYLP01001068.1,AYLP01001069.1,AYLP01001070.1,AYLP01001071.1,AYLP01001072.1,AYLP01001073.1,AYLP01001074.1,AYLP01001075.1,AYLP01001076.1,AYLP01001077.1,AYLP01001078.1,AYLP01001079.1,AYLP01001080.1,AYLP01001081.1,AYLP01001082.1,AYLP01001083.1,AYLP01001084.1,AYLP01001085.1,AYLP01001086.1,AYLP01001087.1,AYLP01001088.1,AYLP01001089.1,AYLP01001090.1,AYLP01001091.1,AYLP01001092.1,AYLP01001093.1,AYLP01001094.1,AYLP01001095.1,AYLP01001096.1,AYLP01001097.1,AYLP01001098.1,AYLP01001099.1,AYLP01001100.1,AYLP01001101.1,AYLP01001102.1,AYLP01001103.1,AYLP01001104.1,AYLP01001105.1,AYLP01001106.1,AYLP01001107.1,AYLP01001108.1,AYLP01001109.1,AYLP01001110.1,AYLP01001111.1,AYLP01001112.1,AYLP01001113.1,AYLP01001114.1,AYLP01001115.1,AYLP01001116.1,AYLP01001117.1,AYLP01001118.1,AYLP01001119.1,AYLP01001120.1,AYLP01001121.1,AYLP01001122.1,AYLP01001123.1,AYLP01001124.1,AYLP01001125.1,AYLP01001126.1,AYLP01001127.1,AYLP01001128.1,AYLP01001129.1,AYLP01001130.1,AYLP01001131.1,AYLP01001132.1,AYLP01001133.1,AYLP01001134.1,AYLP01001135.1,AYLP01001136.1,AYLP01001137.1,AYLP01001138.1,AYLP01001139.1,AYLP01001140.1,AYLP01001141.1,AYLP01001142.1,AYLP01001143.1,AYLP01001144.1,AYLP01001145.1,AYLP01001146.1,AYLP01001147.1,AYLP01001148.1,AYLP01001149.1,AYLP01001150.1,AYLP01001151.1,AYLP01001152.1,AYLP01001153.1,AYLP01001154.1,AYLP01001155.1,AYLP01001156.1,AYLP01001157.1,AYLP01001158.1,AYLP01001159.1,AYLP01001160.1,AYLP01001161.1,AYLP01001162.1,AYLP01001163.1,AYLP01001164.1,AYLP01001165.1,AYLP01001166.1,AYLP01001167.1,AYLP01001168.1,AYLP01001169.1,AYLP01001170.1,AYLP01001171.1,AYLP01001172.1,AYLP01001173.1,AYLP01001174.1,AYLP01001175.1,AYLP01001176.1,AYLP01001177.1,AYLP01001178.1,AYLP01001179.1,AYLP01001180.1,AYLP01001181.1,AYLP01001182.1,AYLP01001183.1,AYLP01001184.1,AYLP01001185.1,AYLP01001186.1,AYLP01001187.1,AYLP01001188.1,AYLP01001189.1,AYLP01001190.1,AYLP01001191.1,AYLP01001192.1,AYLP01001193.1,AYLP01001194.1,AYLP01001195.1,AYLP01001196.1,AYLP01001197.1,AYLP01001198.1,AYLP01001199.1,AYLP01001200.1,AYLP01001201.1,AYLP01001202.1,AYLP01001203.1,AYLP01001204.1,AYLP01001205.1,AYLP01001206.1,AYLP01001207.1,AYLP01001208.1,AYLP01001209.1,AYLP01001210.1
iCN900.json	pmid:	GCF_000009205.2	NC_009089.1
iJN1462.json	pmid:	GCF_000007565.2	NC_002947.4
